chunk_id,doc_id
pptx::projectDetails.pptx#slide 1::chunk1,pptx::projectDetails.pptx
pptx::projectDetails.pptx#slide 2::chunk1,pptx::projectDetails.pptx
pptx::projectDetails.pptx#slide 3::chunk1,pptx::projectDetails.pptx
pptx::projectDetails.pptx#slide 4::chunk1,pptx::projectDetails.pptx
pptx::projectDetails.pptx#slide 5::chunk1,pptx::projectDetails.pptx
pptx::projectDetails.pptx#slide 6::chunk1,pptx::projectDetails.pptx
pptx::projectDetails.pptx#slide 7::chunk1,pptx::projectDetails.pptx
pptx::projectDetails.pptx#slide 8::chunk1,pptx::projectDetails.pptx
pptx::projectDetails.pptx#slide 9::chunk1,pptx::projectDetails.pptx
pptx::projectDetails.pptx#slide 10::chunk1,pptx::projectDetails.pptx
pptx::projectDetails.pptx#slide 11::chunk1,pptx::projectDetails.pptx
pptx::projectDetails.pptx#slide 12::chunk1,pptx::projectDetails.pptx
pptx::projectDetails.pptx#slide 13::chunk1,pptx::projectDetails.pptx
pptx::projectDetails.pptx#slide 14::chunk1,pptx::projectDetails.pptx
pptx::projectDetails.pptx#slide 15::chunk1,pptx::projectDetails.pptx
pptx::projectDetails.pptx#slide 16::chunk1,pptx::projectDetails.pptx
pptx::projectDetails.pptx#slide 17::chunk1,pptx::projectDetails.pptx
pptx::projectDetails.pptx#slide 17::chunk2,pptx::projectDetails.pptx
pptx::projectDetails.pptx#slide 18::chunk1,pptx::projectDetails.pptx
pptx::word2vec.pptx#slide 1::chunk1,pptx::word2vec.pptx
pptx::word2vec.pptx#slide 2::chunk1,pptx::word2vec.pptx
pptx::word2vec.pptx#slide 3::chunk1,pptx::word2vec.pptx
pptx::word2vec.pptx#slide 4::chunk1,pptx::word2vec.pptx
pptx::word2vec.pptx#slide 5::chunk1,pptx::word2vec.pptx
pptx::word2vec.pptx#slide 6::chunk1,pptx::word2vec.pptx
pptx::word2vec.pptx#slide 7::chunk1,pptx::word2vec.pptx
pptx::word2vec.pptx#slide 8::chunk1,pptx::word2vec.pptx
pptx::word2vec.pptx#slide 9::chunk1,pptx::word2vec.pptx
pptx::word2vec.pptx#slide 10::chunk1,pptx::word2vec.pptx
pptx::word2vec.pptx#slide 11::chunk1,pptx::word2vec.pptx
pptx::word2vec.pptx#slide 12::chunk1,pptx::word2vec.pptx
pptx::word2vec.pptx#slide 13::chunk1,pptx::word2vec.pptx
pptx::word2vec.pptx#slide 14::chunk1,pptx::word2vec.pptx
pptx::word2vec.pptx#slide 15::chunk1,pptx::word2vec.pptx
pptx::word2vec.pptx#slide 16::chunk1,pptx::word2vec.pptx
pptx::word2vec.pptx#slide 17::chunk1,pptx::word2vec.pptx
pptx::word2vec.pptx#slide 18::chunk1,pptx::word2vec.pptx
pptx::word2vec.pptx#slide 19::chunk1,pptx::word2vec.pptx
pptx::word2vec.pptx#slide 20::chunk1,pptx::word2vec.pptx
pptx::word2vec.pptx#slide 21::chunk1,pptx::word2vec.pptx
pptx::word2vec.pptx#slide 22::chunk1,pptx::word2vec.pptx
pptx::word2vec.pptx#slide 23::chunk1,pptx::word2vec.pptx
pptx::word2vec.pptx#slide 24::chunk1,pptx::word2vec.pptx
pptx::word2vec.pptx#slide 25::chunk1,pptx::word2vec.pptx
pptx::word2vec.pptx#slide 26::chunk1,pptx::word2vec.pptx
pptx::word2vec.pptx#slide 27::chunk1,pptx::word2vec.pptx
pptx::word2vec.pptx#slide 28::chunk1,pptx::word2vec.pptx
pptx::word2vec.pptx#slide 29::chunk1,pptx::word2vec.pptx
pptx::word2vec.pptx#slide 30::chunk1,pptx::word2vec.pptx
pptx::word2vec.pptx#slide 31::chunk1,pptx::word2vec.pptx
pptx::word2vec.pptx#slide 32::chunk1,pptx::word2vec.pptx
pptx::word2vec.pptx#slide 33::chunk1,pptx::word2vec.pptx
pptx::word2vec.pptx#slide 34::chunk1,pptx::word2vec.pptx
pptx::word2vec.pptx#slide 35::chunk1,pptx::word2vec.pptx
pptx::word2vec.pptx#slide 36::chunk1,pptx::word2vec.pptx
pptx::word2vec.pptx#slide 37::chunk1,pptx::word2vec.pptx
pptx::word2vec.pptx#slide 38::chunk1,pptx::word2vec.pptx
pptx::word2vec.pptx#slide 39::chunk1,pptx::word2vec.pptx
pptx::word2vec.pptx#slide 40::chunk1,pptx::word2vec.pptx
pptx::word2vec.pptx#slide 41::chunk1,pptx::word2vec.pptx
pptx::word2vec.pptx#slide 42::chunk1,pptx::word2vec.pptx
pptx::word2vec.pptx#slide 43::chunk1,pptx::word2vec.pptx
pptx::word2vec.pptx#slide 44::chunk1,pptx::word2vec.pptx
pptx::word2vec.pptx#slide 45::chunk1,pptx::word2vec.pptx
pptx::word2vec.pptx#slide 46::chunk1,pptx::word2vec.pptx
pptx::word2vec.pptx#slide 47::chunk1,pptx::word2vec.pptx
pptx::word2vec.pptx#slide 48::chunk1,pptx::word2vec.pptx
pptx::word2vec.pptx#slide 49::chunk1,pptx::word2vec.pptx
pptx::word2vec.pptx#slide 50::chunk1,pptx::word2vec.pptx
pptx::word2vec.pptx#slide 51::chunk1,pptx::word2vec.pptx
pptx::word2vec.pptx#slide 52::chunk1,pptx::word2vec.pptx
pptx::word2vec.pptx#slide 53::chunk1,pptx::word2vec.pptx
pptx::word2vec.pptx#slide 54::chunk1,pptx::word2vec.pptx
pptx::word2vec.pptx#slide 55::chunk1,pptx::word2vec.pptx
pptx::word2vec.pptx#slide 56::chunk1,pptx::word2vec.pptx
pptx::word2vec.pptx#slide 57::chunk1,pptx::word2vec.pptx
pptx::word2vec.pptx#slide 58::chunk1,pptx::word2vec.pptx
pptx::word2vec.pptx#slide 59::chunk1,pptx::word2vec.pptx
pptx::word2vec.pptx#slide 60::chunk1,pptx::word2vec.pptx
pptx::word2vec.pptx#slide 61::chunk1,pptx::word2vec.pptx
pptx::word2vec.pptx#slide 62::chunk1,pptx::word2vec.pptx
pptx::word2vec.pptx#slide 63::chunk1,pptx::word2vec.pptx
pptx::word2vec.pptx#slide 64::chunk1,pptx::word2vec.pptx
pptx::word2vec.pptx#slide 65::chunk1,pptx::word2vec.pptx
pptx::word2vec.pptx#slide 66::chunk1,pptx::word2vec.pptx
pptx::word2vec.pptx#slide 67::chunk1,pptx::word2vec.pptx
pptx::word2vec.pptx#slide 68::chunk1,pptx::word2vec.pptx
pptx::word2vec.pptx#slide 69::chunk1,pptx::word2vec.pptx
pptx::word2vec.pptx#slide 70::chunk1,pptx::word2vec.pptx
pptx::word2vec.pptx#slide 71::chunk1,pptx::word2vec.pptx
pptx::word2vec.pptx#slide 72::chunk1,pptx::word2vec.pptx
pptx::word2vec.pptx#slide 73::chunk1,pptx::word2vec.pptx
pptx::word2vec.pptx#slide 74::chunk1,pptx::word2vec.pptx
pptx::word2vec.pptx#slide 75::chunk1,pptx::word2vec.pptx
pdf::01_NLP_Course_Intro.pdf#page 1::chunk1,pdf::01_NLP_Course_Intro.pdf
pdf::01_NLP_Course_Intro.pdf#page 2::chunk1,pdf::01_NLP_Course_Intro.pdf
pdf::01_NLP_Course_Intro.pdf#page 3::chunk1,pdf::01_NLP_Course_Intro.pdf
pdf::01_NLP_Course_Intro.pdf#page 4::chunk1,pdf::01_NLP_Course_Intro.pdf
pdf::01_NLP_Course_Intro.pdf#page 5::chunk1,pdf::01_NLP_Course_Intro.pdf
pdf::01_NLP_Course_Intro.pdf#page 6::chunk1,pdf::01_NLP_Course_Intro.pdf
pdf::01_NLP_Course_Intro.pdf#page 7::chunk1,pdf::01_NLP_Course_Intro.pdf
pdf::01_NLP_Course_Intro.pdf#page 8::chunk1,pdf::01_NLP_Course_Intro.pdf
pdf::01_NLP_Course_Intro.pdf#page 9::chunk1,pdf::01_NLP_Course_Intro.pdf
pdf::01_NLP_Course_Intro.pdf#page 10::chunk1,pdf::01_NLP_Course_Intro.pdf
pdf::01_NLP_Course_Intro.pdf#page 11::chunk1,pdf::01_NLP_Course_Intro.pdf
pdf::01_NLP_Course_Intro.pdf#page 12::chunk1,pdf::01_NLP_Course_Intro.pdf
pdf::01_NLP_Course_Intro.pdf#page 13::chunk1,pdf::01_NLP_Course_Intro.pdf
pdf::01_NLP_Course_Intro.pdf#page 14::chunk1,pdf::01_NLP_Course_Intro.pdf
pdf::01_NLP_Course_Intro.pdf#page 15::chunk1,pdf::01_NLP_Course_Intro.pdf
pdf::01_NLP_Course_Intro.pdf#page 16::chunk1,pdf::01_NLP_Course_Intro.pdf
pdf::01_NLP_Course_Intro.pdf#page 17::chunk1,pdf::01_NLP_Course_Intro.pdf
pdf::01_NLP_Course_Intro.pdf#page 18::chunk1,pdf::01_NLP_Course_Intro.pdf
pdf::01_NLP_Course_Intro.pdf#page 19::chunk1,pdf::01_NLP_Course_Intro.pdf
pdf::01_NLP_Course_Intro.pdf#page 20::chunk1,pdf::01_NLP_Course_Intro.pdf
pdf::02_TextPreProcessing.pdf#page 1::chunk1,pdf::02_TextPreProcessing.pdf
pdf::02_TextPreProcessing.pdf#page 2::chunk1,pdf::02_TextPreProcessing.pdf
pdf::02_TextPreProcessing.pdf#page 3::chunk1,pdf::02_TextPreProcessing.pdf
pdf::02_TextPreProcessing.pdf#page 4::chunk1,pdf::02_TextPreProcessing.pdf
pdf::02_TextPreProcessing.pdf#page 5::chunk1,pdf::02_TextPreProcessing.pdf
pdf::02_TextPreProcessing.pdf#page 6::chunk1,pdf::02_TextPreProcessing.pdf
pdf::02_TextPreProcessing.pdf#page 7::chunk1,pdf::02_TextPreProcessing.pdf
pdf::02_TextPreProcessing.pdf#page 8::chunk1,pdf::02_TextPreProcessing.pdf
pdf::02_TextPreProcessing.pdf#page 9::chunk1,pdf::02_TextPreProcessing.pdf
pdf::02_TextPreProcessing.pdf#page 10::chunk1,pdf::02_TextPreProcessing.pdf
pdf::02_TextPreProcessing.pdf#page 11::chunk1,pdf::02_TextPreProcessing.pdf
pdf::02_TextPreProcessing.pdf#page 12::chunk1,pdf::02_TextPreProcessing.pdf
pdf::02_TextPreProcessing.pdf#page 13::chunk1,pdf::02_TextPreProcessing.pdf
pdf::02_TextPreProcessing.pdf#page 14::chunk1,pdf::02_TextPreProcessing.pdf
pdf::02_TextPreProcessing.pdf#page 15::chunk1,pdf::02_TextPreProcessing.pdf
pdf::02_TextPreProcessing.pdf#page 16::chunk1,pdf::02_TextPreProcessing.pdf
pdf::02_TextPreProcessing.pdf#page 17::chunk1,pdf::02_TextPreProcessing.pdf
pdf::02_TextPreProcessing.pdf#page 18::chunk1,pdf::02_TextPreProcessing.pdf
pdf::02_TextPreProcessing.pdf#page 19::chunk1,pdf::02_TextPreProcessing.pdf
pdf::02_TextPreProcessing.pdf#page 20::chunk1,pdf::02_TextPreProcessing.pdf
pdf::02_TextPreProcessing.pdf#page 21::chunk1,pdf::02_TextPreProcessing.pdf
pdf::02_TextPreProcessing.pdf#page 22::chunk1,pdf::02_TextPreProcessing.pdf
pdf::02_TextPreProcessing.pdf#page 23::chunk1,pdf::02_TextPreProcessing.pdf
pdf::02_TextPreProcessing.pdf#page 24::chunk1,pdf::02_TextPreProcessing.pdf
pdf::02_TextPreProcessing.pdf#page 25::chunk1,pdf::02_TextPreProcessing.pdf
pdf::02_TextPreProcessing.pdf#page 26::chunk1,pdf::02_TextPreProcessing.pdf
pdf::02_TextPreProcessing.pdf#page 27::chunk1,pdf::02_TextPreProcessing.pdf
pdf::02_TextPreProcessing.pdf#page 28::chunk1,pdf::02_TextPreProcessing.pdf
pdf::02_TextPreProcessing.pdf#page 29::chunk1,pdf::02_TextPreProcessing.pdf
pdf::02_TextPreProcessing.pdf#page 30::chunk1,pdf::02_TextPreProcessing.pdf
pdf::02_TextPreProcessing.pdf#page 31::chunk1,pdf::02_TextPreProcessing.pdf
pdf::02_TextPreProcessing.pdf#page 32::chunk1,pdf::02_TextPreProcessing.pdf
pdf::02_TextPreProcessing.pdf#page 33::chunk1,pdf::02_TextPreProcessing.pdf
pdf::02_TextPreProcessing.pdf#page 34::chunk1,pdf::02_TextPreProcessing.pdf
pdf::02_TextPreProcessing.pdf#page 35::chunk1,pdf::02_TextPreProcessing.pdf
pdf::02_TextPreProcessing.pdf#page 36::chunk1,pdf::02_TextPreProcessing.pdf
pdf::02_TextPreProcessing.pdf#page 37::chunk1,pdf::02_TextPreProcessing.pdf
pdf::02_TextPreProcessing.pdf#page 38::chunk1,pdf::02_TextPreProcessing.pdf
pdf::02_TextPreProcessing.pdf#page 39::chunk1,pdf::02_TextPreProcessing.pdf
pdf::02_TextPreProcessing.pdf#page 40::chunk1,pdf::02_TextPreProcessing.pdf
pdf::02_TextPreProcessing.pdf#page 41::chunk1,pdf::02_TextPreProcessing.pdf
pdf::02_TextPreProcessing.pdf#page 42::chunk1,pdf::02_TextPreProcessing.pdf
pdf::02_TextPreProcessing.pdf#page 43::chunk1,pdf::02_TextPreProcessing.pdf
pdf::02_TextPreProcessing.pdf#page 44::chunk1,pdf::02_TextPreProcessing.pdf
pdf::02_TextPreProcessing.pdf#page 45::chunk1,pdf::02_TextPreProcessing.pdf
pdf::02_TextPreProcessing.pdf#page 46::chunk1,pdf::02_TextPreProcessing.pdf
pdf::02_TextPreProcessing.pdf#page 47::chunk1,pdf::02_TextPreProcessing.pdf
pdf::02_TextPreProcessing.pdf#page 48::chunk1,pdf::02_TextPreProcessing.pdf
pdf::02_TextPreProcessing.pdf#page 49::chunk1,pdf::02_TextPreProcessing.pdf
pdf::02_TextPreProcessing.pdf#page 50::chunk1,pdf::02_TextPreProcessing.pdf
pdf::02_TextPreProcessing.pdf#page 51::chunk1,pdf::02_TextPreProcessing.pdf
pdf::02_TextPreProcessing.pdf#page 52::chunk1,pdf::02_TextPreProcessing.pdf
pdf::02_TextPreProcessing.pdf#page 53::chunk1,pdf::02_TextPreProcessing.pdf
pdf::02_TextPreProcessing.pdf#page 54::chunk1,pdf::02_TextPreProcessing.pdf
pdf::02_TextPreProcessing.pdf#page 55::chunk1,pdf::02_TextPreProcessing.pdf
pdf::02_TextPreProcessing.pdf#page 56::chunk1,pdf::02_TextPreProcessing.pdf
pdf::02_TextPreProcessing.pdf#page 57::chunk1,pdf::02_TextPreProcessing.pdf
pdf::02_TextPreProcessing.pdf#page 58::chunk1,pdf::02_TextPreProcessing.pdf
pdf::02_TextPreProcessing.pdf#page 59::chunk1,pdf::02_TextPreProcessing.pdf
pdf::02_TextPreProcessing.pdf#page 60::chunk1,pdf::02_TextPreProcessing.pdf
pdf::02_TextPreProcessing.pdf#page 61::chunk1,pdf::02_TextPreProcessing.pdf
pdf::02_TextPreProcessing.pdf#page 62::chunk1,pdf::02_TextPreProcessing.pdf
pdf::02_TextPreProcessing.pdf#page 63::chunk1,pdf::02_TextPreProcessing.pdf
pdf::02_TextPreProcessing.pdf#page 64::chunk1,pdf::02_TextPreProcessing.pdf
pdf::02_TextPreProcessing.pdf#page 65::chunk1,pdf::02_TextPreProcessing.pdf
pdf::02_TextPreProcessing.pdf#page 66::chunk1,pdf::02_TextPreProcessing.pdf
pdf::02_TextPreProcessing.pdf#page 67::chunk1,pdf::02_TextPreProcessing.pdf
pdf::02_TextPreProcessing.pdf#page 68::chunk1,pdf::02_TextPreProcessing.pdf
pdf::02_TextPreProcessing.pdf#page 69::chunk1,pdf::02_TextPreProcessing.pdf
pdf::02_TextPreProcessing.pdf#page 70::chunk1,pdf::02_TextPreProcessing.pdf
pdf::02_TextPreProcessing.pdf#page 71::chunk1,pdf::02_TextPreProcessing.pdf
pdf::02_TextPreProcessing.pdf#page 72::chunk1,pdf::02_TextPreProcessing.pdf
pdf::02_TextPreProcessing.pdf#page 73::chunk1,pdf::02_TextPreProcessing.pdf
pdf::02_TextPreProcessing.pdf#page 74::chunk1,pdf::02_TextPreProcessing.pdf
pdf::02_TextPreProcessing.pdf#page 75::chunk1,pdf::02_TextPreProcessing.pdf
pdf::1_HuggingFace.pdf#page 1::chunk1,pdf::1_HuggingFace.pdf
pdf::1_HuggingFace.pdf#page 2::chunk1,pdf::1_HuggingFace.pdf
pdf::1_HuggingFace.pdf#page 3::chunk1,pdf::1_HuggingFace.pdf
pdf::1_HuggingFace.pdf#page 4::chunk1,pdf::1_HuggingFace.pdf
pdf::24_Dialogue_May_6_2021.pdf#page 1::chunk1,pdf::24_Dialogue_May_6_2021.pdf
pdf::24_Dialogue_May_6_2021.pdf#page 2::chunk1,pdf::24_Dialogue_May_6_2021.pdf
pdf::24_Dialogue_May_6_2021.pdf#page 3::chunk1,pdf::24_Dialogue_May_6_2021.pdf
pdf::24_Dialogue_May_6_2021.pdf#page 4::chunk1,pdf::24_Dialogue_May_6_2021.pdf
pdf::24_Dialogue_May_6_2021.pdf#page 5::chunk1,pdf::24_Dialogue_May_6_2021.pdf
pdf::24_Dialogue_May_6_2021.pdf#page 6::chunk1,pdf::24_Dialogue_May_6_2021.pdf
pdf::24_Dialogue_May_6_2021.pdf#page 7::chunk1,pdf::24_Dialogue_May_6_2021.pdf
pdf::24_Dialogue_May_6_2021.pdf#page 8::chunk1,pdf::24_Dialogue_May_6_2021.pdf
pdf::24_Dialogue_May_6_2021.pdf#page 9::chunk1,pdf::24_Dialogue_May_6_2021.pdf
pdf::24_Dialogue_May_6_2021.pdf#page 10::chunk1,pdf::24_Dialogue_May_6_2021.pdf
pdf::24_Dialogue_May_6_2021.pdf#page 11::chunk1,pdf::24_Dialogue_May_6_2021.pdf
pdf::24_Dialogue_May_6_2021.pdf#page 12::chunk1,pdf::24_Dialogue_May_6_2021.pdf
pdf::24_Dialogue_May_6_2021.pdf#page 14::chunk1,pdf::24_Dialogue_May_6_2021.pdf
pdf::24_Dialogue_May_6_2021.pdf#page 16::chunk1,pdf::24_Dialogue_May_6_2021.pdf
pdf::24_Dialogue_May_6_2021.pdf#page 17::chunk1,pdf::24_Dialogue_May_6_2021.pdf
pdf::24_Dialogue_May_6_2021.pdf#page 18::chunk1,pdf::24_Dialogue_May_6_2021.pdf
pdf::24_Dialogue_May_6_2021.pdf#page 19::chunk1,pdf::24_Dialogue_May_6_2021.pdf
pdf::24_Dialogue_May_6_2021.pdf#page 20::chunk1,pdf::24_Dialogue_May_6_2021.pdf
pdf::24_Dialogue_May_6_2021.pdf#page 21::chunk1,pdf::24_Dialogue_May_6_2021.pdf
pdf::24_Dialogue_May_6_2021.pdf#page 22::chunk1,pdf::24_Dialogue_May_6_2021.pdf
pdf::24_Dialogue_May_6_2021.pdf#page 23::chunk1,pdf::24_Dialogue_May_6_2021.pdf
pdf::24_Dialogue_May_6_2021.pdf#page 24::chunk1,pdf::24_Dialogue_May_6_2021.pdf
pdf::24_Dialogue_May_6_2021.pdf#page 25::chunk1,pdf::24_Dialogue_May_6_2021.pdf
pdf::24_Dialogue_May_6_2021.pdf#page 26::chunk1,pdf::24_Dialogue_May_6_2021.pdf
pdf::24_Dialogue_May_6_2021.pdf#page 27::chunk1,pdf::24_Dialogue_May_6_2021.pdf
pdf::24_Dialogue_May_6_2021.pdf#page 28::chunk1,pdf::24_Dialogue_May_6_2021.pdf
pdf::24_Dialogue_May_6_2021.pdf#page 29::chunk1,pdf::24_Dialogue_May_6_2021.pdf
pdf::24_Dialogue_May_6_2021.pdf#page 30::chunk1,pdf::24_Dialogue_May_6_2021.pdf
pdf::24_Dialogue_May_6_2021.pdf#page 31::chunk1,pdf::24_Dialogue_May_6_2021.pdf
pdf::24_Dialogue_May_6_2021.pdf#page 32::chunk1,pdf::24_Dialogue_May_6_2021.pdf
pdf::24_Dialogue_May_6_2021.pdf#page 33::chunk1,pdf::24_Dialogue_May_6_2021.pdf
pdf::24_Dialogue_May_6_2021.pdf#page 34::chunk1,pdf::24_Dialogue_May_6_2021.pdf
pdf::24_Dialogue_May_6_2021.pdf#page 35::chunk1,pdf::24_Dialogue_May_6_2021.pdf
pdf::24_Dialogue_May_6_2021.pdf#page 36::chunk1,pdf::24_Dialogue_May_6_2021.pdf
pdf::24_Dialogue_May_6_2021.pdf#page 37::chunk1,pdf::24_Dialogue_May_6_2021.pdf
pdf::24_Dialogue_May_6_2021.pdf#page 39::chunk1,pdf::24_Dialogue_May_6_2021.pdf
pdf::24_Dialogue_May_6_2021.pdf#page 40::chunk1,pdf::24_Dialogue_May_6_2021.pdf
pdf::24_Dialogue_May_6_2021.pdf#page 41::chunk1,pdf::24_Dialogue_May_6_2021.pdf
pdf::24_Dialogue_May_6_2021.pdf#page 42::chunk1,pdf::24_Dialogue_May_6_2021.pdf
pdf::24_Dialogue_May_6_2021.pdf#page 43::chunk1,pdf::24_Dialogue_May_6_2021.pdf
pdf::24_Dialogue_May_6_2021.pdf#page 44::chunk1,pdf::24_Dialogue_May_6_2021.pdf
pdf::24_Dialogue_May_6_2021.pdf#page 45::chunk1,pdf::24_Dialogue_May_6_2021.pdf
pdf::24_Dialogue_May_6_2021.pdf#page 46::chunk1,pdf::24_Dialogue_May_6_2021.pdf
pdf::24_Dialogue_May_6_2021.pdf#page 47::chunk1,pdf::24_Dialogue_May_6_2021.pdf
pdf::24_Dialogue_May_6_2021.pdf#page 48::chunk1,pdf::24_Dialogue_May_6_2021.pdf
pdf::24_Dialogue_May_6_2021.pdf#page 49::chunk1,pdf::24_Dialogue_May_6_2021.pdf
pdf::24_Dialogue_May_6_2021.pdf#page 50::chunk1,pdf::24_Dialogue_May_6_2021.pdf
pdf::24_Dialogue_May_6_2021.pdf#page 51::chunk1,pdf::24_Dialogue_May_6_2021.pdf
pdf::24_Dialogue_May_6_2021.pdf#page 52::chunk1,pdf::24_Dialogue_May_6_2021.pdf
pdf::24_Dialogue_May_6_2021.pdf#page 53::chunk1,pdf::24_Dialogue_May_6_2021.pdf
pdf::24_Dialogue_May_6_2021.pdf#page 54::chunk1,pdf::24_Dialogue_May_6_2021.pdf
pdf::24_Dialogue_May_6_2021.pdf#page 55::chunk1,pdf::24_Dialogue_May_6_2021.pdf
pdf::24_Dialogue_May_6_2021.pdf#page 56::chunk1,pdf::24_Dialogue_May_6_2021.pdf
pdf::24_Dialogue_May_6_2021.pdf#page 57::chunk1,pdf::24_Dialogue_May_6_2021.pdf
pdf::24_Dialogue_May_6_2021.pdf#page 58::chunk1,pdf::24_Dialogue_May_6_2021.pdf
pdf::24_Dialogue_May_6_2021.pdf#page 59::chunk1,pdf::24_Dialogue_May_6_2021.pdf
pdf::24_Dialogue_May_6_2021.pdf#page 60::chunk1,pdf::24_Dialogue_May_6_2021.pdf
pdf::24_Dialogue_May_6_2021.pdf#page 61::chunk1,pdf::24_Dialogue_May_6_2021.pdf
pdf::24_Dialogue_May_6_2021.pdf#page 62::chunk1,pdf::24_Dialogue_May_6_2021.pdf
pdf::24_Dialogue_May_6_2021.pdf#page 63::chunk1,pdf::24_Dialogue_May_6_2021.pdf
pdf::24_Dialogue_May_6_2021.pdf#page 64::chunk1,pdf::24_Dialogue_May_6_2021.pdf
pdf::24_Dialogue_May_6_2021.pdf#page 65::chunk1,pdf::24_Dialogue_May_6_2021.pdf
pdf::24_Dialogue_May_6_2021.pdf#page 66::chunk1,pdf::24_Dialogue_May_6_2021.pdf
pdf::24_Dialogue_May_6_2021.pdf#page 67::chunk1,pdf::24_Dialogue_May_6_2021.pdf
pdf::24_Dialogue_May_6_2021.pdf#page 69::chunk1,pdf::24_Dialogue_May_6_2021.pdf
pdf::24_Dialogue_May_6_2021.pdf#page 70::chunk1,pdf::24_Dialogue_May_6_2021.pdf
pdf::24_Dialogue_May_6_2021.pdf#page 71::chunk1,pdf::24_Dialogue_May_6_2021.pdf
pdf::24_Dialogue_May_6_2021.pdf#page 72::chunk1,pdf::24_Dialogue_May_6_2021.pdf
pdf::24_Dialogue_May_6_2021.pdf#page 73::chunk1,pdf::24_Dialogue_May_6_2021.pdf
pdf::24_Dialogue_May_6_2021.pdf#page 74::chunk1,pdf::24_Dialogue_May_6_2021.pdf
pdf::24_Dialogue_May_6_2021.pdf#page 75::chunk1,pdf::24_Dialogue_May_6_2021.pdf
pdf::24_Dialogue_May_6_2021.pdf#page 76::chunk1,pdf::24_Dialogue_May_6_2021.pdf
pdf::24_Dialogue_May_6_2021.pdf#page 77::chunk1,pdf::24_Dialogue_May_6_2021.pdf
pdf::24_Dialogue_May_6_2021.pdf#page 78::chunk1,pdf::24_Dialogue_May_6_2021.pdf
pdf::24_Dialogue_May_6_2021.pdf#page 79::chunk1,pdf::24_Dialogue_May_6_2021.pdf
pdf::24_Dialogue_May_6_2021.pdf#page 80::chunk1,pdf::24_Dialogue_May_6_2021.pdf
pdf::24_Dialogue_May_6_2021.pdf#page 81::chunk1,pdf::24_Dialogue_May_6_2021.pdf
pdf::24_Dialogue_May_6_2021.pdf#page 82::chunk1,pdf::24_Dialogue_May_6_2021.pdf
pdf::24_Dialogue_May_6_2021.pdf#page 83::chunk1,pdf::24_Dialogue_May_6_2021.pdf
pdf::24_Dialogue_May_6_2021.pdf#page 84::chunk1,pdf::24_Dialogue_May_6_2021.pdf
pdf::24_Dialogue_May_6_2021.pdf#page 85::chunk1,pdf::24_Dialogue_May_6_2021.pdf
pdf::24_Dialogue_May_6_2021.pdf#page 86::chunk1,pdf::24_Dialogue_May_6_2021.pdf
pdf::24_Dialogue_May_6_2021.pdf#page 87::chunk1,pdf::24_Dialogue_May_6_2021.pdf
pdf::24_Dialogue_May_6_2021.pdf#page 87::chunk2,pdf::24_Dialogue_May_6_2021.pdf
pdf::24_Dialogue_May_6_2021.pdf#page 88::chunk1,pdf::24_Dialogue_May_6_2021.pdf
pdf::24_Dialogue_May_6_2021.pdf#page 89::chunk1,pdf::24_Dialogue_May_6_2021.pdf
pdf::24_Dialogue_May_6_2021.pdf#page 90::chunk1,pdf::24_Dialogue_May_6_2021.pdf
pdf::24_Dialogue_May_6_2021.pdf#page 91::chunk1,pdf::24_Dialogue_May_6_2021.pdf
pdf::24_Dialogue_May_6_2021.pdf#page 92::chunk1,pdf::24_Dialogue_May_6_2021.pdf
pdf::24_Dialogue_May_6_2021.pdf#page 93::chunk1,pdf::24_Dialogue_May_6_2021.pdf
pdf::24_Dialogue_May_6_2021.pdf#page 94::chunk1,pdf::24_Dialogue_May_6_2021.pdf
pdf::24_Dialogue_May_6_2021.pdf#page 95::chunk1,pdf::24_Dialogue_May_6_2021.pdf
pdf::24_Dialogue_May_6_2021.pdf#page 96::chunk1,pdf::24_Dialogue_May_6_2021.pdf
pdf::24_Dialogue_May_6_2021.pdf#page 97::chunk1,pdf::24_Dialogue_May_6_2021.pdf
pdf::24_Dialogue_May_6_2021.pdf#page 98::chunk1,pdf::24_Dialogue_May_6_2021.pdf
pdf::24_Dialogue_May_6_2021.pdf#page 99::chunk1,pdf::24_Dialogue_May_6_2021.pdf
pdf::24_Dialogue_May_6_2021.pdf#page 100::chunk1,pdf::24_Dialogue_May_6_2021.pdf
pdf::24_Dialogue_May_6_2021.pdf#page 101::chunk1,pdf::24_Dialogue_May_6_2021.pdf
pdf::24_Dialogue_May_6_2021.pdf#page 102::chunk1,pdf::24_Dialogue_May_6_2021.pdf
pdf::24_Dialogue_May_6_2021.pdf#page 103::chunk1,pdf::24_Dialogue_May_6_2021.pdf
pdf::24_Dialogue_May_6_2021.pdf#page 104::chunk1,pdf::24_Dialogue_May_6_2021.pdf
pdf::24_Dialogue_May_6_2021.pdf#page 105::chunk1,pdf::24_Dialogue_May_6_2021.pdf
pdf::24_Dialogue_May_6_2021.pdf#page 106::chunk1,pdf::24_Dialogue_May_6_2021.pdf
pdf::24_Dialogue_May_6_2021.pdf#page 107::chunk1,pdf::24_Dialogue_May_6_2021.pdf
pdf::24_Dialogue_May_6_2021.pdf#page 108::chunk1,pdf::24_Dialogue_May_6_2021.pdf
pdf::24_Dialogue_May_6_2021.pdf#page 109::chunk1,pdf::24_Dialogue_May_6_2021.pdf
pdf::24_Dialogue_May_6_2021.pdf#page 110::chunk1,pdf::24_Dialogue_May_6_2021.pdf
pdf::24_Dialogue_May_6_2021.pdf#page 111::chunk1,pdf::24_Dialogue_May_6_2021.pdf
pdf::24_Dialogue_May_6_2021.pdf#page 112::chunk1,pdf::24_Dialogue_May_6_2021.pdf
pdf::24_Dialogue_May_6_2021.pdf#page 113::chunk1,pdf::24_Dialogue_May_6_2021.pdf
pdf::24_Dialogue_May_6_2021.pdf#page 114::chunk1,pdf::24_Dialogue_May_6_2021.pdf
pdf::24_Dialogue_May_6_2021.pdf#page 115::chunk1,pdf::24_Dialogue_May_6_2021.pdf
pdf::24_Dialogue_May_6_2021.pdf#page 116::chunk1,pdf::24_Dialogue_May_6_2021.pdf
pdf::24_Dialogue_May_6_2021.pdf#page 117::chunk1,pdf::24_Dialogue_May_6_2021.pdf
pdf::24_Dialogue_May_6_2021.pdf#page 118::chunk1,pdf::24_Dialogue_May_6_2021.pdf
pdf::24_Dialogue_May_6_2021.pdf#page 119::chunk1,pdf::24_Dialogue_May_6_2021.pdf
pdf::24_Dialogue_May_6_2021.pdf#page 120::chunk1,pdf::24_Dialogue_May_6_2021.pdf
pdf::24_Dialogue_May_6_2021.pdf#page 121::chunk1,pdf::24_Dialogue_May_6_2021.pdf
pdf::24_Dialogue_May_6_2021.pdf#page 122::chunk1,pdf::24_Dialogue_May_6_2021.pdf
pdf::24_Dialogue_May_6_2021.pdf#page 123::chunk1,pdf::24_Dialogue_May_6_2021.pdf
pdf::24_Dialogue_May_6_2021.pdf#page 124::chunk1,pdf::24_Dialogue_May_6_2021.pdf
pdf::24_Dialogue_May_6_2021.pdf#page 125::chunk1,pdf::24_Dialogue_May_6_2021.pdf
pdf::24_Dialogue_May_6_2021.pdf#page 126::chunk1,pdf::24_Dialogue_May_6_2021.pdf
pdf::24_Dialogue_May_6_2021.pdf#page 127::chunk1,pdf::24_Dialogue_May_6_2021.pdf
pdf::24_Dialogue_May_6_2021.pdf#page 128::chunk1,pdf::24_Dialogue_May_6_2021.pdf
pdf::24_Dialogue_May_6_2021.pdf#page 129::chunk1,pdf::24_Dialogue_May_6_2021.pdf
pdf::24_Dialogue_May_6_2021.pdf#page 130::chunk1,pdf::24_Dialogue_May_6_2021.pdf
pdf::24_Dialogue_May_6_2021.pdf#page 131::chunk1,pdf::24_Dialogue_May_6_2021.pdf
pdf::24_Dialogue_May_6_2021.pdf#page 132::chunk1,pdf::24_Dialogue_May_6_2021.pdf
pdf::2_HF_Spaces.pdf#page 1::chunk1,pdf::2_HF_Spaces.pdf
pdf::2_HF_Spaces.pdf#page 2::chunk1,pdf::2_HF_Spaces.pdf
pdf::3_LM_Jan_08_2021.pdf#page 1::chunk1,pdf::3_LM_Jan_08_2021.pdf
pdf::3_LM_Jan_08_2021.pdf#page 2::chunk1,pdf::3_LM_Jan_08_2021.pdf
pdf::3_LM_Jan_08_2021.pdf#page 3::chunk1,pdf::3_LM_Jan_08_2021.pdf
pdf::3_LM_Jan_08_2021.pdf#page 4::chunk1,pdf::3_LM_Jan_08_2021.pdf
pdf::3_LM_Jan_08_2021.pdf#page 5::chunk1,pdf::3_LM_Jan_08_2021.pdf
pdf::3_LM_Jan_08_2021.pdf#page 6::chunk1,pdf::3_LM_Jan_08_2021.pdf
pdf::3_LM_Jan_08_2021.pdf#page 7::chunk1,pdf::3_LM_Jan_08_2021.pdf
pdf::3_LM_Jan_08_2021.pdf#page 8::chunk1,pdf::3_LM_Jan_08_2021.pdf
pdf::3_LM_Jan_08_2021.pdf#page 9::chunk1,pdf::3_LM_Jan_08_2021.pdf
pdf::3_LM_Jan_08_2021.pdf#page 10::chunk1,pdf::3_LM_Jan_08_2021.pdf
pdf::3_LM_Jan_08_2021.pdf#page 11::chunk1,pdf::3_LM_Jan_08_2021.pdf
pdf::3_LM_Jan_08_2021.pdf#page 12::chunk1,pdf::3_LM_Jan_08_2021.pdf
pdf::3_LM_Jan_08_2021.pdf#page 13::chunk1,pdf::3_LM_Jan_08_2021.pdf
pdf::3_LM_Jan_08_2021.pdf#page 14::chunk1,pdf::3_LM_Jan_08_2021.pdf
pdf::3_LM_Jan_08_2021.pdf#page 15::chunk1,pdf::3_LM_Jan_08_2021.pdf
pdf::3_LM_Jan_08_2021.pdf#page 16::chunk1,pdf::3_LM_Jan_08_2021.pdf
pdf::3_LM_Jan_08_2021.pdf#page 17::chunk1,pdf::3_LM_Jan_08_2021.pdf
pdf::3_LM_Jan_08_2021.pdf#page 18::chunk1,pdf::3_LM_Jan_08_2021.pdf
pdf::3_LM_Jan_08_2021.pdf#page 19::chunk1,pdf::3_LM_Jan_08_2021.pdf
pdf::3_LM_Jan_08_2021.pdf#page 20::chunk1,pdf::3_LM_Jan_08_2021.pdf
pdf::3_LM_Jan_08_2021.pdf#page 21::chunk1,pdf::3_LM_Jan_08_2021.pdf
pdf::3_LM_Jan_08_2021.pdf#page 22::chunk1,pdf::3_LM_Jan_08_2021.pdf
pdf::3_LM_Jan_08_2021.pdf#page 23::chunk1,pdf::3_LM_Jan_08_2021.pdf
pdf::3_LM_Jan_08_2021.pdf#page 24::chunk1,pdf::3_LM_Jan_08_2021.pdf
pdf::3_LM_Jan_08_2021.pdf#page 25::chunk1,pdf::3_LM_Jan_08_2021.pdf
pdf::3_LM_Jan_08_2021.pdf#page 26::chunk1,pdf::3_LM_Jan_08_2021.pdf
pdf::3_LM_Jan_08_2021.pdf#page 27::chunk1,pdf::3_LM_Jan_08_2021.pdf
pdf::3_LM_Jan_08_2021.pdf#page 28::chunk1,pdf::3_LM_Jan_08_2021.pdf
pdf::3_LM_Jan_08_2021.pdf#page 29::chunk1,pdf::3_LM_Jan_08_2021.pdf
pdf::3_LM_Jan_08_2021.pdf#page 30::chunk1,pdf::3_LM_Jan_08_2021.pdf
pdf::3_LM_Jan_08_2021.pdf#page 31::chunk1,pdf::3_LM_Jan_08_2021.pdf
pdf::3_LM_Jan_08_2021.pdf#page 32::chunk1,pdf::3_LM_Jan_08_2021.pdf
pdf::3_LM_Jan_08_2021.pdf#page 33::chunk1,pdf::3_LM_Jan_08_2021.pdf
pdf::3_LM_Jan_08_2021.pdf#page 34::chunk1,pdf::3_LM_Jan_08_2021.pdf
pdf::3_LM_Jan_08_2021.pdf#page 35::chunk1,pdf::3_LM_Jan_08_2021.pdf
pdf::3_LM_Jan_08_2021.pdf#page 36::chunk1,pdf::3_LM_Jan_08_2021.pdf
pdf::3_LM_Jan_08_2021.pdf#page 37::chunk1,pdf::3_LM_Jan_08_2021.pdf
pdf::3_LM_Jan_08_2021.pdf#page 38::chunk1,pdf::3_LM_Jan_08_2021.pdf
pdf::3_LM_Jan_08_2021.pdf#page 39::chunk1,pdf::3_LM_Jan_08_2021.pdf
pdf::3_LM_Jan_08_2021.pdf#page 40::chunk1,pdf::3_LM_Jan_08_2021.pdf
pdf::3_LM_Jan_08_2021.pdf#page 41::chunk1,pdf::3_LM_Jan_08_2021.pdf
pdf::3_LM_Jan_08_2021.pdf#page 42::chunk1,pdf::3_LM_Jan_08_2021.pdf
pdf::3_LM_Jan_08_2021.pdf#page 43::chunk1,pdf::3_LM_Jan_08_2021.pdf
pdf::3_LM_Jan_08_2021.pdf#page 44::chunk1,pdf::3_LM_Jan_08_2021.pdf
pdf::3_LM_Jan_08_2021.pdf#page 45::chunk1,pdf::3_LM_Jan_08_2021.pdf
pdf::3_LM_Jan_08_2021.pdf#page 46::chunk1,pdf::3_LM_Jan_08_2021.pdf
pdf::3_LM_Jan_08_2021.pdf#page 47::chunk1,pdf::3_LM_Jan_08_2021.pdf
pdf::3_LM_Jan_08_2021.pdf#page 48::chunk1,pdf::3_LM_Jan_08_2021.pdf
pdf::3_LM_Jan_08_2021.pdf#page 49::chunk1,pdf::3_LM_Jan_08_2021.pdf
pdf::3_LM_Jan_08_2021.pdf#page 50::chunk1,pdf::3_LM_Jan_08_2021.pdf
pdf::3_LM_Jan_08_2021.pdf#page 51::chunk1,pdf::3_LM_Jan_08_2021.pdf
pdf::3_LM_Jan_08_2021.pdf#page 52::chunk1,pdf::3_LM_Jan_08_2021.pdf
pdf::3_LM_Jan_08_2021.pdf#page 53::chunk1,pdf::3_LM_Jan_08_2021.pdf
pdf::3_LM_Jan_08_2021.pdf#page 54::chunk1,pdf::3_LM_Jan_08_2021.pdf
pdf::3_LM_Jan_08_2021.pdf#page 55::chunk1,pdf::3_LM_Jan_08_2021.pdf
pdf::3_LM_Jan_08_2021.pdf#page 56::chunk1,pdf::3_LM_Jan_08_2021.pdf
pdf::3_LM_Jan_08_2021.pdf#page 57::chunk1,pdf::3_LM_Jan_08_2021.pdf
pdf::3_LM_Jan_08_2021.pdf#page 58::chunk1,pdf::3_LM_Jan_08_2021.pdf
pdf::3_LM_Jan_08_2021.pdf#page 59::chunk1,pdf::3_LM_Jan_08_2021.pdf
pdf::3_LM_Jan_08_2021.pdf#page 60::chunk1,pdf::3_LM_Jan_08_2021.pdf
pdf::3_LM_Jan_08_2021.pdf#page 61::chunk1,pdf::3_LM_Jan_08_2021.pdf
pdf::3_LM_Jan_08_2021.pdf#page 62::chunk1,pdf::3_LM_Jan_08_2021.pdf
pdf::3_LM_Jan_08_2021.pdf#page 63::chunk1,pdf::3_LM_Jan_08_2021.pdf
pdf::3_LM_Jan_08_2021.pdf#page 64::chunk1,pdf::3_LM_Jan_08_2021.pdf
pdf::3_LM_Jan_08_2021.pdf#page 65::chunk1,pdf::3_LM_Jan_08_2021.pdf
pdf::3_LM_Jan_08_2021.pdf#page 66::chunk1,pdf::3_LM_Jan_08_2021.pdf
pdf::3_LM_Jan_08_2021.pdf#page 67::chunk1,pdf::3_LM_Jan_08_2021.pdf
pdf::3_LM_Jan_08_2021.pdf#page 68::chunk1,pdf::3_LM_Jan_08_2021.pdf
pdf::3_LM_Jan_08_2021.pdf#page 69::chunk1,pdf::3_LM_Jan_08_2021.pdf
pdf::3_LM_Jan_08_2021.pdf#page 70::chunk1,pdf::3_LM_Jan_08_2021.pdf
pdf::3_LM_Jan_08_2021.pdf#page 71::chunk1,pdf::3_LM_Jan_08_2021.pdf
pdf::3_LM_Jan_08_2021.pdf#page 72::chunk1,pdf::3_LM_Jan_08_2021.pdf
pdf::3_LM_Jan_08_2021.pdf#page 73::chunk1,pdf::3_LM_Jan_08_2021.pdf
pdf::3_LM_Jan_08_2021.pdf#page 74::chunk1,pdf::3_LM_Jan_08_2021.pdf
pdf::4_NB_Apr_4_2021.pdf#page 1::chunk1,pdf::4_NB_Apr_4_2021.pdf
pdf::4_NB_Apr_4_2021.pdf#page 2::chunk1,pdf::4_NB_Apr_4_2021.pdf
pdf::4_NB_Apr_4_2021.pdf#page 3::chunk1,pdf::4_NB_Apr_4_2021.pdf
pdf::4_NB_Apr_4_2021.pdf#page 4::chunk1,pdf::4_NB_Apr_4_2021.pdf
pdf::4_NB_Apr_4_2021.pdf#page 5::chunk1,pdf::4_NB_Apr_4_2021.pdf
pdf::4_NB_Apr_4_2021.pdf#page 6::chunk1,pdf::4_NB_Apr_4_2021.pdf
pdf::4_NB_Apr_4_2021.pdf#page 7::chunk1,pdf::4_NB_Apr_4_2021.pdf
pdf::4_NB_Apr_4_2021.pdf#page 8::chunk1,pdf::4_NB_Apr_4_2021.pdf
pdf::4_NB_Apr_4_2021.pdf#page 9::chunk1,pdf::4_NB_Apr_4_2021.pdf
pdf::4_NB_Apr_4_2021.pdf#page 10::chunk1,pdf::4_NB_Apr_4_2021.pdf
pdf::4_NB_Apr_4_2021.pdf#page 11::chunk1,pdf::4_NB_Apr_4_2021.pdf
pdf::4_NB_Apr_4_2021.pdf#page 12::chunk1,pdf::4_NB_Apr_4_2021.pdf
pdf::4_NB_Apr_4_2021.pdf#page 13::chunk1,pdf::4_NB_Apr_4_2021.pdf
pdf::4_NB_Apr_4_2021.pdf#page 14::chunk1,pdf::4_NB_Apr_4_2021.pdf
pdf::4_NB_Apr_4_2021.pdf#page 15::chunk1,pdf::4_NB_Apr_4_2021.pdf
pdf::4_NB_Apr_4_2021.pdf#page 16::chunk1,pdf::4_NB_Apr_4_2021.pdf
pdf::4_NB_Apr_4_2021.pdf#page 17::chunk1,pdf::4_NB_Apr_4_2021.pdf
pdf::4_NB_Apr_4_2021.pdf#page 18::chunk1,pdf::4_NB_Apr_4_2021.pdf
pdf::4_NB_Apr_4_2021.pdf#page 19::chunk1,pdf::4_NB_Apr_4_2021.pdf
pdf::4_NB_Apr_4_2021.pdf#page 20::chunk1,pdf::4_NB_Apr_4_2021.pdf
pdf::4_NB_Apr_4_2021.pdf#page 21::chunk1,pdf::4_NB_Apr_4_2021.pdf
pdf::4_NB_Apr_4_2021.pdf#page 22::chunk1,pdf::4_NB_Apr_4_2021.pdf
pdf::4_NB_Apr_4_2021.pdf#page 23::chunk1,pdf::4_NB_Apr_4_2021.pdf
pdf::4_NB_Apr_4_2021.pdf#page 24::chunk1,pdf::4_NB_Apr_4_2021.pdf
pdf::4_NB_Apr_4_2021.pdf#page 25::chunk1,pdf::4_NB_Apr_4_2021.pdf
pdf::4_NB_Apr_4_2021.pdf#page 26::chunk1,pdf::4_NB_Apr_4_2021.pdf
pdf::4_NB_Apr_4_2021.pdf#page 27::chunk1,pdf::4_NB_Apr_4_2021.pdf
pdf::4_NB_Apr_4_2021.pdf#page 28::chunk1,pdf::4_NB_Apr_4_2021.pdf
pdf::4_NB_Apr_4_2021.pdf#page 29::chunk1,pdf::4_NB_Apr_4_2021.pdf
pdf::4_NB_Apr_4_2021.pdf#page 30::chunk1,pdf::4_NB_Apr_4_2021.pdf
pdf::4_NB_Apr_4_2021.pdf#page 31::chunk1,pdf::4_NB_Apr_4_2021.pdf
pdf::4_NB_Apr_4_2021.pdf#page 32::chunk1,pdf::4_NB_Apr_4_2021.pdf
pdf::4_NB_Apr_4_2021.pdf#page 33::chunk1,pdf::4_NB_Apr_4_2021.pdf
pdf::4_NB_Apr_4_2021.pdf#page 34::chunk1,pdf::4_NB_Apr_4_2021.pdf
pdf::4_NB_Apr_4_2021.pdf#page 35::chunk1,pdf::4_NB_Apr_4_2021.pdf
pdf::4_NB_Apr_4_2021.pdf#page 36::chunk1,pdf::4_NB_Apr_4_2021.pdf
pdf::4_NB_Apr_4_2021.pdf#page 37::chunk1,pdf::4_NB_Apr_4_2021.pdf
pdf::4_NB_Apr_4_2021.pdf#page 38::chunk1,pdf::4_NB_Apr_4_2021.pdf
pdf::4_NB_Apr_4_2021.pdf#page 39::chunk1,pdf::4_NB_Apr_4_2021.pdf
pdf::4_NB_Apr_4_2021.pdf#page 40::chunk1,pdf::4_NB_Apr_4_2021.pdf
pdf::4_NB_Apr_4_2021.pdf#page 41::chunk1,pdf::4_NB_Apr_4_2021.pdf
pdf::4_NB_Apr_4_2021.pdf#page 42::chunk1,pdf::4_NB_Apr_4_2021.pdf
pdf::4_NB_Apr_4_2021.pdf#page 43::chunk1,pdf::4_NB_Apr_4_2021.pdf
pdf::4_NB_Apr_4_2021.pdf#page 44::chunk1,pdf::4_NB_Apr_4_2021.pdf
pdf::4_NB_Apr_4_2021.pdf#page 45::chunk1,pdf::4_NB_Apr_4_2021.pdf
pdf::4_NB_Apr_4_2021.pdf#page 46::chunk1,pdf::4_NB_Apr_4_2021.pdf
pdf::4_NB_Apr_4_2021.pdf#page 47::chunk1,pdf::4_NB_Apr_4_2021.pdf
pdf::4_NB_Apr_4_2021.pdf#page 48::chunk1,pdf::4_NB_Apr_4_2021.pdf
pdf::4_NB_Apr_4_2021.pdf#page 49::chunk1,pdf::4_NB_Apr_4_2021.pdf
pdf::4_NB_Apr_4_2021.pdf#page 50::chunk1,pdf::4_NB_Apr_4_2021.pdf
pdf::4_NB_Apr_4_2021.pdf#page 51::chunk1,pdf::4_NB_Apr_4_2021.pdf
pdf::4_NB_Apr_4_2021.pdf#page 52::chunk1,pdf::4_NB_Apr_4_2021.pdf
pdf::4_NB_Apr_4_2021.pdf#page 53::chunk1,pdf::4_NB_Apr_4_2021.pdf
pdf::4_NB_Apr_4_2021.pdf#page 54::chunk1,pdf::4_NB_Apr_4_2021.pdf
pdf::4_NB_Apr_4_2021.pdf#page 55::chunk1,pdf::4_NB_Apr_4_2021.pdf
pdf::4_NB_Apr_4_2021.pdf#page 56::chunk1,pdf::4_NB_Apr_4_2021.pdf
pdf::4_NB_Apr_4_2021.pdf#page 57::chunk1,pdf::4_NB_Apr_4_2021.pdf
pdf::4_NB_Apr_4_2021.pdf#page 58::chunk1,pdf::4_NB_Apr_4_2021.pdf
pdf::4_NB_Apr_4_2021.pdf#page 59::chunk1,pdf::4_NB_Apr_4_2021.pdf
pdf::4_NB_Apr_4_2021.pdf#page 60::chunk1,pdf::4_NB_Apr_4_2021.pdf
pdf::4_NB_Apr_4_2021.pdf#page 61::chunk1,pdf::4_NB_Apr_4_2021.pdf
pdf::4_NB_Apr_4_2021.pdf#page 62::chunk1,pdf::4_NB_Apr_4_2021.pdf
pdf::4_NB_Apr_4_2021.pdf#page 63::chunk1,pdf::4_NB_Apr_4_2021.pdf
pdf::4_NB_Apr_4_2021.pdf#page 64::chunk1,pdf::4_NB_Apr_4_2021.pdf
pdf::4_NB_Apr_4_2021.pdf#page 65::chunk1,pdf::4_NB_Apr_4_2021.pdf
pdf::4_NB_Apr_4_2021.pdf#page 66::chunk1,pdf::4_NB_Apr_4_2021.pdf
pdf::4_NB_Apr_4_2021.pdf#page 67::chunk1,pdf::4_NB_Apr_4_2021.pdf
pdf::4_NB_Apr_4_2021.pdf#page 68::chunk1,pdf::4_NB_Apr_4_2021.pdf
pdf::4_NB_Apr_4_2021.pdf#page 69::chunk1,pdf::4_NB_Apr_4_2021.pdf
pdf::4_NB_Apr_4_2021.pdf#page 70::chunk1,pdf::4_NB_Apr_4_2021.pdf
pdf::4_NB_Apr_4_2021.pdf#page 71::chunk1,pdf::4_NB_Apr_4_2021.pdf
pdf::4_NB_Apr_4_2021.pdf#page 72::chunk1,pdf::4_NB_Apr_4_2021.pdf
pdf::4_NB_Apr_4_2021.pdf#page 73::chunk1,pdf::4_NB_Apr_4_2021.pdf
pdf::4_NB_Apr_4_2021.pdf#page 74::chunk1,pdf::4_NB_Apr_4_2021.pdf
pdf::4_NB_Apr_4_2021.pdf#page 75::chunk1,pdf::4_NB_Apr_4_2021.pdf
pdf::4_NB_Apr_4_2021.pdf#page 76::chunk1,pdf::4_NB_Apr_4_2021.pdf
pdf::4_NB_Apr_4_2021.pdf#page 77::chunk1,pdf::4_NB_Apr_4_2021.pdf
pdf::4_NB_Apr_4_2021.pdf#page 78::chunk1,pdf::4_NB_Apr_4_2021.pdf
pdf::4_NB_Apr_4_2021.pdf#page 79::chunk1,pdf::4_NB_Apr_4_2021.pdf
pdf::4_NB_Apr_4_2021.pdf#page 80::chunk1,pdf::4_NB_Apr_4_2021.pdf
pdf::4_NB_Apr_4_2021.pdf#page 81::chunk1,pdf::4_NB_Apr_4_2021.pdf
pdf::4_NB_Apr_4_2021.pdf#page 82::chunk1,pdf::4_NB_Apr_4_2021.pdf
pdf::4_NB_Apr_4_2021.pdf#page 83::chunk1,pdf::4_NB_Apr_4_2021.pdf
pdf::4_NB_Apr_4_2021.pdf#page 84::chunk1,pdf::4_NB_Apr_4_2021.pdf
pdf::4_NB_Apr_4_2021.pdf#page 85::chunk1,pdf::4_NB_Apr_4_2021.pdf
pdf::4_NB_Apr_4_2021.pdf#page 86::chunk1,pdf::4_NB_Apr_4_2021.pdf
pdf::4_NB_Apr_4_2021.pdf#page 87::chunk1,pdf::4_NB_Apr_4_2021.pdf
pdf::4_NB_Apr_4_2021.pdf#page 88::chunk1,pdf::4_NB_Apr_4_2021.pdf
pdf::4_NB_Apr_4_2021.pdf#page 89::chunk1,pdf::4_NB_Apr_4_2021.pdf
pdf::4_NB_Apr_4_2021.pdf#page 90::chunk1,pdf::4_NB_Apr_4_2021.pdf
pdf::4_NB_Apr_4_2021.pdf#page 91::chunk1,pdf::4_NB_Apr_4_2021.pdf
pdf::4_NB_Apr_4_2021.pdf#page 91::chunk2,pdf::4_NB_Apr_4_2021.pdf
pdf::4_NB_Apr_4_2021.pdf#page 91::chunk3,pdf::4_NB_Apr_4_2021.pdf
pdf::4_NB_Apr_4_2021.pdf#page 91::chunk4,pdf::4_NB_Apr_4_2021.pdf
pdf::4_NB_Apr_4_2021.pdf#page 92::chunk1,pdf::4_NB_Apr_4_2021.pdf
pdf::4_NB_Apr_4_2021.pdf#page 92::chunk2,pdf::4_NB_Apr_4_2021.pdf
pdf::4_NB_Apr_4_2021.pdf#page 92::chunk3,pdf::4_NB_Apr_4_2021.pdf
pdf::4_NB_Apr_4_2021.pdf#page 93::chunk1,pdf::4_NB_Apr_4_2021.pdf
pdf::4_NB_Apr_4_2021.pdf#page 94::chunk1,pdf::4_NB_Apr_4_2021.pdf
pdf::4_NB_Apr_4_2021.pdf#page 95::chunk1,pdf::4_NB_Apr_4_2021.pdf
pdf::4_NB_Apr_4_2021.pdf#page 96::chunk1,pdf::4_NB_Apr_4_2021.pdf
pdf::4_NB_Apr_4_2021.pdf#page 97::chunk1,pdf::4_NB_Apr_4_2021.pdf
pdf::4_NB_Apr_4_2021.pdf#page 98::chunk1,pdf::4_NB_Apr_4_2021.pdf
pdf::4_NB_Apr_4_2021.pdf#page 99::chunk1,pdf::4_NB_Apr_4_2021.pdf
pdf::4_NB_Apr_4_2021.pdf#page 100::chunk1,pdf::4_NB_Apr_4_2021.pdf
pdf::4_NB_Apr_4_2021.pdf#page 101::chunk1,pdf::4_NB_Apr_4_2021.pdf
pdf::4_NB_Apr_4_2021.pdf#page 102::chunk1,pdf::4_NB_Apr_4_2021.pdf
pdf::4_NB_Apr_4_2021.pdf#page 103::chunk1,pdf::4_NB_Apr_4_2021.pdf
pdf::6_Vector_Apr18_2021.pdf#page 1::chunk1,pdf::6_Vector_Apr18_2021.pdf
pdf::6_Vector_Apr18_2021.pdf#page 2::chunk1,pdf::6_Vector_Apr18_2021.pdf
pdf::6_Vector_Apr18_2021.pdf#page 3::chunk1,pdf::6_Vector_Apr18_2021.pdf
pdf::6_Vector_Apr18_2021.pdf#page 4::chunk1,pdf::6_Vector_Apr18_2021.pdf
pdf::6_Vector_Apr18_2021.pdf#page 5::chunk1,pdf::6_Vector_Apr18_2021.pdf
pdf::6_Vector_Apr18_2021.pdf#page 6::chunk1,pdf::6_Vector_Apr18_2021.pdf
pdf::6_Vector_Apr18_2021.pdf#page 7::chunk1,pdf::6_Vector_Apr18_2021.pdf
pdf::6_Vector_Apr18_2021.pdf#page 8::chunk1,pdf::6_Vector_Apr18_2021.pdf
pdf::6_Vector_Apr18_2021.pdf#page 9::chunk1,pdf::6_Vector_Apr18_2021.pdf
pdf::6_Vector_Apr18_2021.pdf#page 10::chunk1,pdf::6_Vector_Apr18_2021.pdf
pdf::6_Vector_Apr18_2021.pdf#page 11::chunk1,pdf::6_Vector_Apr18_2021.pdf
pdf::6_Vector_Apr18_2021.pdf#page 12::chunk1,pdf::6_Vector_Apr18_2021.pdf
pdf::6_Vector_Apr18_2021.pdf#page 13::chunk1,pdf::6_Vector_Apr18_2021.pdf
pdf::6_Vector_Apr18_2021.pdf#page 14::chunk1,pdf::6_Vector_Apr18_2021.pdf
pdf::6_Vector_Apr18_2021.pdf#page 15::chunk1,pdf::6_Vector_Apr18_2021.pdf
pdf::6_Vector_Apr18_2021.pdf#page 16::chunk1,pdf::6_Vector_Apr18_2021.pdf
pdf::6_Vector_Apr18_2021.pdf#page 17::chunk1,pdf::6_Vector_Apr18_2021.pdf
pdf::6_Vector_Apr18_2021.pdf#page 18::chunk1,pdf::6_Vector_Apr18_2021.pdf
pdf::6_Vector_Apr18_2021.pdf#page 19::chunk1,pdf::6_Vector_Apr18_2021.pdf
pdf::6_Vector_Apr18_2021.pdf#page 20::chunk1,pdf::6_Vector_Apr18_2021.pdf
pdf::6_Vector_Apr18_2021.pdf#page 21::chunk1,pdf::6_Vector_Apr18_2021.pdf
pdf::6_Vector_Apr18_2021.pdf#page 22::chunk1,pdf::6_Vector_Apr18_2021.pdf
pdf::6_Vector_Apr18_2021.pdf#page 23::chunk1,pdf::6_Vector_Apr18_2021.pdf
pdf::6_Vector_Apr18_2021.pdf#page 24::chunk1,pdf::6_Vector_Apr18_2021.pdf
pdf::6_Vector_Apr18_2021.pdf#page 25::chunk1,pdf::6_Vector_Apr18_2021.pdf
pdf::6_Vector_Apr18_2021.pdf#page 26::chunk1,pdf::6_Vector_Apr18_2021.pdf
pdf::6_Vector_Apr18_2021.pdf#page 27::chunk1,pdf::6_Vector_Apr18_2021.pdf
pdf::6_Vector_Apr18_2021.pdf#page 28::chunk1,pdf::6_Vector_Apr18_2021.pdf
pdf::6_Vector_Apr18_2021.pdf#page 29::chunk1,pdf::6_Vector_Apr18_2021.pdf
pdf::6_Vector_Apr18_2021.pdf#page 30::chunk1,pdf::6_Vector_Apr18_2021.pdf
pdf::6_Vector_Apr18_2021.pdf#page 31::chunk1,pdf::6_Vector_Apr18_2021.pdf
pdf::6_Vector_Apr18_2021.pdf#page 32::chunk1,pdf::6_Vector_Apr18_2021.pdf
pdf::6_Vector_Apr18_2021.pdf#page 33::chunk1,pdf::6_Vector_Apr18_2021.pdf
pdf::6_Vector_Apr18_2021.pdf#page 34::chunk1,pdf::6_Vector_Apr18_2021.pdf
pdf::6_Vector_Apr18_2021.pdf#page 35::chunk1,pdf::6_Vector_Apr18_2021.pdf
pdf::6_Vector_Apr18_2021.pdf#page 36::chunk1,pdf::6_Vector_Apr18_2021.pdf
pdf::6_Vector_Apr18_2021.pdf#page 37::chunk1,pdf::6_Vector_Apr18_2021.pdf
pdf::6_Vector_Apr18_2021.pdf#page 38::chunk1,pdf::6_Vector_Apr18_2021.pdf
pdf::6_Vector_Apr18_2021.pdf#page 39::chunk1,pdf::6_Vector_Apr18_2021.pdf
pdf::6_Vector_Apr18_2021.pdf#page 41::chunk1,pdf::6_Vector_Apr18_2021.pdf
pdf::6_Vector_Apr18_2021.pdf#page 42::chunk1,pdf::6_Vector_Apr18_2021.pdf
pdf::6_Vector_Apr18_2021.pdf#page 43::chunk1,pdf::6_Vector_Apr18_2021.pdf
pdf::6_Vector_Apr18_2021.pdf#page 44::chunk1,pdf::6_Vector_Apr18_2021.pdf
pdf::6_Vector_Apr18_2021.pdf#page 45::chunk1,pdf::6_Vector_Apr18_2021.pdf
pdf::6_Vector_Apr18_2021.pdf#page 46::chunk1,pdf::6_Vector_Apr18_2021.pdf
pdf::6_Vector_Apr18_2021.pdf#page 47::chunk1,pdf::6_Vector_Apr18_2021.pdf
pdf::6_Vector_Apr18_2021.pdf#page 48::chunk1,pdf::6_Vector_Apr18_2021.pdf
pdf::6_Vector_Apr18_2021.pdf#page 49::chunk1,pdf::6_Vector_Apr18_2021.pdf
pdf::6_Vector_Apr18_2021.pdf#page 50::chunk1,pdf::6_Vector_Apr18_2021.pdf
pdf::6_Vector_Apr18_2021.pdf#page 51::chunk1,pdf::6_Vector_Apr18_2021.pdf
pdf::6_Vector_Apr18_2021.pdf#page 52::chunk1,pdf::6_Vector_Apr18_2021.pdf
pdf::6_Vector_Apr18_2021.pdf#page 53::chunk1,pdf::6_Vector_Apr18_2021.pdf
pdf::6_Vector_Apr18_2021.pdf#page 54::chunk1,pdf::6_Vector_Apr18_2021.pdf
pdf::6_Vector_Apr18_2021.pdf#page 55::chunk1,pdf::6_Vector_Apr18_2021.pdf
pdf::6_Vector_Apr18_2021.pdf#page 56::chunk1,pdf::6_Vector_Apr18_2021.pdf
pdf::6_Vector_Apr18_2021.pdf#page 57::chunk1,pdf::6_Vector_Apr18_2021.pdf
pdf::6_Vector_Apr18_2021.pdf#page 58::chunk1,pdf::6_Vector_Apr18_2021.pdf
pdf::6_Vector_Apr18_2021.pdf#page 59::chunk1,pdf::6_Vector_Apr18_2021.pdf
pdf::6_Vector_Apr18_2021.pdf#page 60::chunk1,pdf::6_Vector_Apr18_2021.pdf
pdf::6_Vector_Apr18_2021.pdf#page 61::chunk1,pdf::6_Vector_Apr18_2021.pdf
pdf::6_Vector_Apr18_2021.pdf#page 62::chunk1,pdf::6_Vector_Apr18_2021.pdf
pdf::6_Vector_Apr18_2021.pdf#page 63::chunk1,pdf::6_Vector_Apr18_2021.pdf
pdf::6_Vector_Apr18_2021.pdf#page 64::chunk1,pdf::6_Vector_Apr18_2021.pdf
pdf::6_Vector_Apr18_2021.pdf#page 65::chunk1,pdf::6_Vector_Apr18_2021.pdf
pdf::6_Vector_Apr18_2021.pdf#page 66::chunk1,pdf::6_Vector_Apr18_2021.pdf
pdf::6_Vector_Apr18_2021.pdf#page 67::chunk1,pdf::6_Vector_Apr18_2021.pdf
pdf::6_Vector_Apr18_2021.pdf#page 68::chunk1,pdf::6_Vector_Apr18_2021.pdf
pdf::6_Vector_Apr18_2021.pdf#page 69::chunk1,pdf::6_Vector_Apr18_2021.pdf
pdf::6_Vector_Apr18_2021.pdf#page 70::chunk1,pdf::6_Vector_Apr18_2021.pdf
pdf::6_Vector_Apr18_2021.pdf#page 71::chunk1,pdf::6_Vector_Apr18_2021.pdf
pdf::6_Vector_Apr18_2021.pdf#page 72::chunk1,pdf::6_Vector_Apr18_2021.pdf
pdf::6_Vector_Apr18_2021.pdf#page 73::chunk1,pdf::6_Vector_Apr18_2021.pdf
pdf::6_Vector_Apr18_2021.pdf#page 74::chunk1,pdf::6_Vector_Apr18_2021.pdf
pdf::7_NN_Apr_28_2021.pdf#page 1::chunk1,pdf::7_NN_Apr_28_2021.pdf
pdf::7_NN_Apr_28_2021.pdf#page 2::chunk1,pdf::7_NN_Apr_28_2021.pdf
pdf::7_NN_Apr_28_2021.pdf#page 3::chunk1,pdf::7_NN_Apr_28_2021.pdf
pdf::7_NN_Apr_28_2021.pdf#page 4::chunk1,pdf::7_NN_Apr_28_2021.pdf
pdf::7_NN_Apr_28_2021.pdf#page 4::chunk2,pdf::7_NN_Apr_28_2021.pdf
pdf::7_NN_Apr_28_2021.pdf#page 4::chunk3,pdf::7_NN_Apr_28_2021.pdf
pdf::7_NN_Apr_28_2021.pdf#page 4::chunk4,pdf::7_NN_Apr_28_2021.pdf
pdf::7_NN_Apr_28_2021.pdf#page 4::chunk5,pdf::7_NN_Apr_28_2021.pdf
pdf::7_NN_Apr_28_2021.pdf#page 4::chunk6,pdf::7_NN_Apr_28_2021.pdf
pdf::7_NN_Apr_28_2021.pdf#page 4::chunk7,pdf::7_NN_Apr_28_2021.pdf
pdf::7_NN_Apr_28_2021.pdf#page 5::chunk1,pdf::7_NN_Apr_28_2021.pdf
pdf::7_NN_Apr_28_2021.pdf#page 5::chunk2,pdf::7_NN_Apr_28_2021.pdf
pdf::7_NN_Apr_28_2021.pdf#page 6::chunk1,pdf::7_NN_Apr_28_2021.pdf
pdf::7_NN_Apr_28_2021.pdf#page 6::chunk2,pdf::7_NN_Apr_28_2021.pdf
pdf::7_NN_Apr_28_2021.pdf#page 7::chunk1,pdf::7_NN_Apr_28_2021.pdf
pdf::7_NN_Apr_28_2021.pdf#page 8::chunk1,pdf::7_NN_Apr_28_2021.pdf
pdf::7_NN_Apr_28_2021.pdf#page 8::chunk2,pdf::7_NN_Apr_28_2021.pdf
pdf::7_NN_Apr_28_2021.pdf#page 9::chunk1,pdf::7_NN_Apr_28_2021.pdf
pdf::7_NN_Apr_28_2021.pdf#page 9::chunk2,pdf::7_NN_Apr_28_2021.pdf
pdf::7_NN_Apr_28_2021.pdf#page 9::chunk3,pdf::7_NN_Apr_28_2021.pdf
pdf::7_NN_Apr_28_2021.pdf#page 10::chunk1,pdf::7_NN_Apr_28_2021.pdf
pdf::7_NN_Apr_28_2021.pdf#page 10::chunk2,pdf::7_NN_Apr_28_2021.pdf
pdf::7_NN_Apr_28_2021.pdf#page 10::chunk3,pdf::7_NN_Apr_28_2021.pdf
pdf::7_NN_Apr_28_2021.pdf#page 10::chunk4,pdf::7_NN_Apr_28_2021.pdf
pdf::7_NN_Apr_28_2021.pdf#page 11::chunk1,pdf::7_NN_Apr_28_2021.pdf
pdf::7_NN_Apr_28_2021.pdf#page 11::chunk2,pdf::7_NN_Apr_28_2021.pdf
pdf::7_NN_Apr_28_2021.pdf#page 11::chunk3,pdf::7_NN_Apr_28_2021.pdf
pdf::7_NN_Apr_28_2021.pdf#page 11::chunk4,pdf::7_NN_Apr_28_2021.pdf
pdf::7_NN_Apr_28_2021.pdf#page 11::chunk5,pdf::7_NN_Apr_28_2021.pdf
pdf::7_NN_Apr_28_2021.pdf#page 11::chunk6,pdf::7_NN_Apr_28_2021.pdf
pdf::7_NN_Apr_28_2021.pdf#page 11::chunk7,pdf::7_NN_Apr_28_2021.pdf
pdf::7_NN_Apr_28_2021.pdf#page 12::chunk1,pdf::7_NN_Apr_28_2021.pdf
pdf::7_NN_Apr_28_2021.pdf#page 12::chunk2,pdf::7_NN_Apr_28_2021.pdf
pdf::7_NN_Apr_28_2021.pdf#page 12::chunk3,pdf::7_NN_Apr_28_2021.pdf
pdf::7_NN_Apr_28_2021.pdf#page 12::chunk4,pdf::7_NN_Apr_28_2021.pdf
pdf::7_NN_Apr_28_2021.pdf#page 13::chunk1,pdf::7_NN_Apr_28_2021.pdf
pdf::7_NN_Apr_28_2021.pdf#page 14::chunk1,pdf::7_NN_Apr_28_2021.pdf
pdf::7_NN_Apr_28_2021.pdf#page 15::chunk1,pdf::7_NN_Apr_28_2021.pdf
pdf::7_NN_Apr_28_2021.pdf#page 15::chunk2,pdf::7_NN_Apr_28_2021.pdf
pdf::7_NN_Apr_28_2021.pdf#page 16::chunk1,pdf::7_NN_Apr_28_2021.pdf
pdf::7_NN_Apr_28_2021.pdf#page 17::chunk1,pdf::7_NN_Apr_28_2021.pdf
pdf::7_NN_Apr_28_2021.pdf#page 17::chunk2,pdf::7_NN_Apr_28_2021.pdf
pdf::7_NN_Apr_28_2021.pdf#page 17::chunk3,pdf::7_NN_Apr_28_2021.pdf
pdf::7_NN_Apr_28_2021.pdf#page 18::chunk1,pdf::7_NN_Apr_28_2021.pdf
pdf::7_NN_Apr_28_2021.pdf#page 18::chunk2,pdf::7_NN_Apr_28_2021.pdf
pdf::7_NN_Apr_28_2021.pdf#page 18::chunk3,pdf::7_NN_Apr_28_2021.pdf
pdf::7_NN_Apr_28_2021.pdf#page 19::chunk1,pdf::7_NN_Apr_28_2021.pdf
pdf::7_NN_Apr_28_2021.pdf#page 19::chunk2,pdf::7_NN_Apr_28_2021.pdf
pdf::7_NN_Apr_28_2021.pdf#page 19::chunk3,pdf::7_NN_Apr_28_2021.pdf
pdf::7_NN_Apr_28_2021.pdf#page 20::chunk1,pdf::7_NN_Apr_28_2021.pdf
pdf::7_NN_Apr_28_2021.pdf#page 21::chunk1,pdf::7_NN_Apr_28_2021.pdf
pdf::7_NN_Apr_28_2021.pdf#page 22::chunk1,pdf::7_NN_Apr_28_2021.pdf
pdf::7_NN_Apr_28_2021.pdf#page 23::chunk1,pdf::7_NN_Apr_28_2021.pdf
pdf::7_NN_Apr_28_2021.pdf#page 23::chunk2,pdf::7_NN_Apr_28_2021.pdf
pdf::7_NN_Apr_28_2021.pdf#page 24::chunk1,pdf::7_NN_Apr_28_2021.pdf
pdf::7_NN_Apr_28_2021.pdf#page 24::chunk2,pdf::7_NN_Apr_28_2021.pdf
pdf::7_NN_Apr_28_2021.pdf#page 25::chunk1,pdf::7_NN_Apr_28_2021.pdf
pdf::7_NN_Apr_28_2021.pdf#page 26::chunk1,pdf::7_NN_Apr_28_2021.pdf
pdf::7_NN_Apr_28_2021.pdf#page 27::chunk1,pdf::7_NN_Apr_28_2021.pdf
pdf::7_NN_Apr_28_2021.pdf#page 28::chunk1,pdf::7_NN_Apr_28_2021.pdf
pdf::7_NN_Apr_28_2021.pdf#page 29::chunk1,pdf::7_NN_Apr_28_2021.pdf
pdf::7_NN_Apr_28_2021.pdf#page 30::chunk1,pdf::7_NN_Apr_28_2021.pdf
pdf::7_NN_Apr_28_2021.pdf#page 31::chunk1,pdf::7_NN_Apr_28_2021.pdf
pdf::7_NN_Apr_28_2021.pdf#page 32::chunk1,pdf::7_NN_Apr_28_2021.pdf
pdf::7_NN_Apr_28_2021.pdf#page 33::chunk1,pdf::7_NN_Apr_28_2021.pdf
pdf::7_NN_Apr_28_2021.pdf#page 34::chunk1,pdf::7_NN_Apr_28_2021.pdf
pdf::7_NN_Apr_28_2021.pdf#page 35::chunk1,pdf::7_NN_Apr_28_2021.pdf
pdf::7_NN_Apr_28_2021.pdf#page 36::chunk1,pdf::7_NN_Apr_28_2021.pdf
pdf::7_NN_Apr_28_2021.pdf#page 37::chunk1,pdf::7_NN_Apr_28_2021.pdf
pdf::7_NN_Apr_28_2021.pdf#page 38::chunk1,pdf::7_NN_Apr_28_2021.pdf
pdf::7_NN_Apr_28_2021.pdf#page 39::chunk1,pdf::7_NN_Apr_28_2021.pdf
pdf::7_NN_Apr_28_2021.pdf#page 40::chunk1,pdf::7_NN_Apr_28_2021.pdf
pdf::7_NN_Apr_28_2021.pdf#page 41::chunk1,pdf::7_NN_Apr_28_2021.pdf
pdf::7_NN_Apr_28_2021.pdf#page 42::chunk1,pdf::7_NN_Apr_28_2021.pdf
pdf::7_NN_Apr_28_2021.pdf#page 43::chunk1,pdf::7_NN_Apr_28_2021.pdf
pdf::7_NN_Apr_28_2021.pdf#page 44::chunk1,pdf::7_NN_Apr_28_2021.pdf
pdf::7_NN_Apr_28_2021.pdf#page 45::chunk1,pdf::7_NN_Apr_28_2021.pdf
pdf::7_NN_Apr_28_2021.pdf#page 46::chunk1,pdf::7_NN_Apr_28_2021.pdf
pdf::7_NN_Apr_28_2021.pdf#page 47::chunk1,pdf::7_NN_Apr_28_2021.pdf
pdf::7_NN_Apr_28_2021.pdf#page 48::chunk1,pdf::7_NN_Apr_28_2021.pdf
pdf::7_NN_Apr_28_2021.pdf#page 49::chunk1,pdf::7_NN_Apr_28_2021.pdf
pdf::7_NN_Apr_28_2021.pdf#page 50::chunk1,pdf::7_NN_Apr_28_2021.pdf
pdf::7_NN_Apr_28_2021.pdf#page 51::chunk1,pdf::7_NN_Apr_28_2021.pdf
pdf::7_NN_Apr_28_2021.pdf#page 52::chunk1,pdf::7_NN_Apr_28_2021.pdf
pdf::7_NN_Apr_28_2021.pdf#page 53::chunk1,pdf::7_NN_Apr_28_2021.pdf
pdf::7_NN_Apr_28_2021.pdf#page 54::chunk1,pdf::7_NN_Apr_28_2021.pdf
pdf::7_NN_Apr_28_2021.pdf#page 55::chunk1,pdf::7_NN_Apr_28_2021.pdf
pdf::7_NN_Apr_28_2021.pdf#page 56::chunk1,pdf::7_NN_Apr_28_2021.pdf
pdf::7_NN_Apr_28_2021.pdf#page 57::chunk1,pdf::7_NN_Apr_28_2021.pdf
pdf::7_NN_Apr_28_2021.pdf#page 58::chunk1,pdf::7_NN_Apr_28_2021.pdf
pdf::7_NN_Apr_28_2021.pdf#page 59::chunk1,pdf::7_NN_Apr_28_2021.pdf
pdf::7_NN_Apr_28_2021.pdf#page 60::chunk1,pdf::7_NN_Apr_28_2021.pdf
pdf::7_NN_Apr_28_2021.pdf#page 60::chunk2,pdf::7_NN_Apr_28_2021.pdf
pdf::7_NN_Apr_28_2021.pdf#page 61::chunk1,pdf::7_NN_Apr_28_2021.pdf
pdf::7_NN_Apr_28_2021.pdf#page 62::chunk1,pdf::7_NN_Apr_28_2021.pdf
pdf::7_NN_Apr_28_2021.pdf#page 63::chunk1,pdf::7_NN_Apr_28_2021.pdf
pdf::7_NN_Apr_28_2021.pdf#page 64::chunk1,pdf::7_NN_Apr_28_2021.pdf
pdf::7_NN_Apr_28_2021.pdf#page 65::chunk1,pdf::7_NN_Apr_28_2021.pdf
pdf::7_NN_Apr_28_2021.pdf#page 66::chunk1,pdf::7_NN_Apr_28_2021.pdf
pdf::7_NN_Apr_28_2021.pdf#page 67::chunk1,pdf::7_NN_Apr_28_2021.pdf
pdf::7_NN_Apr_28_2021.pdf#page 68::chunk1,pdf::7_NN_Apr_28_2021.pdf
pdf::7_NN_Apr_28_2021.pdf#page 69::chunk1,pdf::7_NN_Apr_28_2021.pdf
pdf::7_NN_Apr_28_2021.pdf#page 69::chunk2,pdf::7_NN_Apr_28_2021.pdf
pdf::7_NN_Apr_28_2021.pdf#page 69::chunk3,pdf::7_NN_Apr_28_2021.pdf
pdf::7_NN_Apr_28_2021.pdf#page 70::chunk1,pdf::7_NN_Apr_28_2021.pdf
pdf::7_NN_Apr_28_2021.pdf#page 71::chunk1,pdf::7_NN_Apr_28_2021.pdf
pdf::7_NN_Apr_28_2021.pdf#page 72::chunk1,pdf::7_NN_Apr_28_2021.pdf
pdf::7_NN_Apr_28_2021.pdf#page 73::chunk1,pdf::7_NN_Apr_28_2021.pdf
pdf::7_NN_Apr_28_2021.pdf#page 74::chunk1,pdf::7_NN_Apr_28_2021.pdf
pdf::7_NN_Apr_28_2021.pdf#page 75::chunk1,pdf::7_NN_Apr_28_2021.pdf
pdf::7_NN_Apr_28_2021.pdf#page 76::chunk1,pdf::7_NN_Apr_28_2021.pdf
pdf::7_NN_Apr_28_2021.pdf#page 77::chunk1,pdf::7_NN_Apr_28_2021.pdf
pdf::7_NN_Apr_28_2021.pdf#page 78::chunk1,pdf::7_NN_Apr_28_2021.pdf
pdf::7_NN_Apr_28_2021.pdf#page 79::chunk1,pdf::7_NN_Apr_28_2021.pdf
pdf::7_NN_Apr_28_2021.pdf#page 80::chunk1,pdf::7_NN_Apr_28_2021.pdf
pdf::8_POSNER_intro_May_6_2021.pdf#page 1::chunk1,pdf::8_POSNER_intro_May_6_2021.pdf
pdf::8_POSNER_intro_May_6_2021.pdf#page 2::chunk1,pdf::8_POSNER_intro_May_6_2021.pdf
pdf::8_POSNER_intro_May_6_2021.pdf#page 3::chunk1,pdf::8_POSNER_intro_May_6_2021.pdf
pdf::8_POSNER_intro_May_6_2021.pdf#page 4::chunk1,pdf::8_POSNER_intro_May_6_2021.pdf
pdf::8_POSNER_intro_May_6_2021.pdf#page 5::chunk1,pdf::8_POSNER_intro_May_6_2021.pdf
pdf::8_POSNER_intro_May_6_2021.pdf#page 6::chunk1,pdf::8_POSNER_intro_May_6_2021.pdf
pdf::8_POSNER_intro_May_6_2021.pdf#page 7::chunk1,pdf::8_POSNER_intro_May_6_2021.pdf
pdf::8_POSNER_intro_May_6_2021.pdf#page 8::chunk1,pdf::8_POSNER_intro_May_6_2021.pdf
pdf::8_POSNER_intro_May_6_2021.pdf#page 9::chunk1,pdf::8_POSNER_intro_May_6_2021.pdf
pdf::8_POSNER_intro_May_6_2021.pdf#page 10::chunk1,pdf::8_POSNER_intro_May_6_2021.pdf
pdf::8_POSNER_intro_May_6_2021.pdf#page 11::chunk1,pdf::8_POSNER_intro_May_6_2021.pdf
pdf::8_POSNER_intro_May_6_2021.pdf#page 12::chunk1,pdf::8_POSNER_intro_May_6_2021.pdf
pdf::8_POSNER_intro_May_6_2021.pdf#page 13::chunk1,pdf::8_POSNER_intro_May_6_2021.pdf
pdf::8_POSNER_intro_May_6_2021.pdf#page 14::chunk1,pdf::8_POSNER_intro_May_6_2021.pdf
pdf::8_POSNER_intro_May_6_2021.pdf#page 15::chunk1,pdf::8_POSNER_intro_May_6_2021.pdf
pdf::8_POSNER_intro_May_6_2021.pdf#page 16::chunk1,pdf::8_POSNER_intro_May_6_2021.pdf
pdf::8_POSNER_intro_May_6_2021.pdf#page 17::chunk1,pdf::8_POSNER_intro_May_6_2021.pdf
pdf::8_POSNER_intro_May_6_2021.pdf#page 18::chunk1,pdf::8_POSNER_intro_May_6_2021.pdf
pdf::8_POSNER_intro_May_6_2021.pdf#page 19::chunk1,pdf::8_POSNER_intro_May_6_2021.pdf
pdf::8_POSNER_intro_May_6_2021.pdf#page 20::chunk1,pdf::8_POSNER_intro_May_6_2021.pdf
pdf::8_POSNER_intro_May_6_2021.pdf#page 21::chunk1,pdf::8_POSNER_intro_May_6_2021.pdf
pdf::8_POSNER_intro_May_6_2021.pdf#page 22::chunk1,pdf::8_POSNER_intro_May_6_2021.pdf
pdf::8_POSNER_intro_May_6_2021.pdf#page 23::chunk1,pdf::8_POSNER_intro_May_6_2021.pdf
pdf::8_POSNER_intro_May_6_2021.pdf#page 24::chunk1,pdf::8_POSNER_intro_May_6_2021.pdf
pdf::8_POSNER_intro_May_6_2021.pdf#page 25::chunk1,pdf::8_POSNER_intro_May_6_2021.pdf
pdf::8_POSNER_intro_May_6_2021.pdf#page 26::chunk1,pdf::8_POSNER_intro_May_6_2021.pdf
pdf::ChatGPT_APIs1.pdf#page 1::chunk1,pdf::ChatGPT_APIs1.pdf
pdf::ChatGPT_APIs1.pdf#page 2::chunk1,pdf::ChatGPT_APIs1.pdf
pdf::ChatGPT_APIs1.pdf#page 2::chunk2,pdf::ChatGPT_APIs1.pdf
pdf::ChatGPT_APIs1.pdf#page 3::chunk1,pdf::ChatGPT_APIs1.pdf
pdf::ChatGPT_APIs1.pdf#page 4::chunk1,pdf::ChatGPT_APIs1.pdf
pdf::ChatGPT_APIs1.pdf#page 5::chunk1,pdf::ChatGPT_APIs1.pdf
pdf::ChatGPT_APIs1.pdf#page 6::chunk1,pdf::ChatGPT_APIs1.pdf
pdf::DL_intro2.pdf#page 1::chunk1,pdf::DL_intro2.pdf
pdf::DL_intro2.pdf#page 2::chunk1,pdf::DL_intro2.pdf
pdf::DL_intro2.pdf#page 3::chunk1,pdf::DL_intro2.pdf
pdf::DL_intro2.pdf#page 4::chunk1,pdf::DL_intro2.pdf
pdf::DL_intro2.pdf#page 5::chunk1,pdf::DL_intro2.pdf
pdf::DL_intro2.pdf#page 6::chunk1,pdf::DL_intro2.pdf
pdf::DL_intro2.pdf#page 7::chunk1,pdf::DL_intro2.pdf
pdf::DL_intro2.pdf#page 8::chunk1,pdf::DL_intro2.pdf
pdf::DL_intro2.pdf#page 8::chunk2,pdf::DL_intro2.pdf
pdf::DL_intro2.pdf#page 9::chunk1,pdf::DL_intro2.pdf
pdf::DL_intro2.pdf#page 10::chunk1,pdf::DL_intro2.pdf
pdf::DL_intro2.pdf#page 11::chunk1,pdf::DL_intro2.pdf
pdf::DL_intro2.pdf#page 12::chunk1,pdf::DL_intro2.pdf
pdf::DL_intro2.pdf#page 12::chunk2,pdf::DL_intro2.pdf
pdf::DL_intro2.pdf#page 13::chunk1,pdf::DL_intro2.pdf
pdf::DL_intro2.pdf#page 13::chunk2,pdf::DL_intro2.pdf
pdf::DL_timeseries2.pdf#page 1::chunk1,pdf::DL_timeseries2.pdf
pdf::DL_timeseries2.pdf#page 1::chunk2,pdf::DL_timeseries2.pdf
pdf::DL_timeseries2.pdf#page 2::chunk1,pdf::DL_timeseries2.pdf
pdf::DL_timeseries2.pdf#page 3::chunk1,pdf::DL_timeseries2.pdf
pdf::DL_timeseries2.pdf#page 4::chunk1,pdf::DL_timeseries2.pdf
pdf::DL_timeseries2.pdf#page 5::chunk1,pdf::DL_timeseries2.pdf
pdf::DL_timeseries2.pdf#page 6::chunk1,pdf::DL_timeseries2.pdf
pdf::DL_timeseries2.pdf#page 6::chunk2,pdf::DL_timeseries2.pdf
pdf::DL_timeseries2.pdf#page 7::chunk1,pdf::DL_timeseries2.pdf
pdf::HW2_CS576_Fall2025-Part_I.pdf#page 1::chunk1,pdf::HW2_CS576_Fall2025-Part_I.pdf
pdf::HW2_CS576_Fall2025-Part_I.pdf#page 1::chunk2,pdf::HW2_CS576_Fall2025-Part_I.pdf
pdf::HW2_CS576_Fall2025-Part_I.pdf#page 2::chunk1,pdf::HW2_CS576_Fall2025-Part_I.pdf
pdf::HW2_CS576_Fall2025-Part_I.pdf#page 2::chunk2,pdf::HW2_CS576_Fall2025-Part_I.pdf
pdf::HW2_CS576_Fall2025-Part_I.pdf#page 3::chunk1,pdf::HW2_CS576_Fall2025-Part_I.pdf
pdf::HW2_CS576_Fall2025-Part_I.pdf#page 3::chunk2,pdf::HW2_CS576_Fall2025-Part_I.pdf
pdf::HW55.pdf#page 1::chunk1,pdf::HW55.pdf
pdf::HW55.pdf#page 1::chunk2,pdf::HW55.pdf
pdf::HW55.pdf#page 2::chunk1,pdf::HW55.pdf
pdf::HW55.pdf#page 2::chunk2,pdf::HW55.pdf
pdf::HW55.pdf#page 3::chunk1,pdf::HW55.pdf
pdf::HW6.pdf#page 1::chunk1,pdf::HW6.pdf
pdf::HW6.pdf#page 1::chunk2,pdf::HW6.pdf
pdf::HW6.pdf#page 2::chunk1,pdf::HW6.pdf
pdf::HW6.pdf#page 2::chunk2,pdf::HW6.pdf
pdf::HW6.pdf#page 3::chunk1,pdf::HW6.pdf
pdf::HW6.pdf#page 3::chunk2,pdf::HW6.pdf
pdf::HW7_CNN1.pdf#page 1::chunk1,pdf::HW7_CNN1.pdf
pdf::HW7_CNN1.pdf#page 1::chunk2,pdf::HW7_CNN1.pdf
pdf::HW7_CNN1.pdf#page 2::chunk1,pdf::HW7_CNN1.pdf
pdf::LLMs (1).pdf#page 1::chunk1,pdf::LLMs (1).pdf
pdf::LLMs (1).pdf#page 2::chunk1,pdf::LLMs (1).pdf
pdf::LLMs (1).pdf#page 3::chunk1,pdf::LLMs (1).pdf
pdf::LLMs (1).pdf#page 4::chunk1,pdf::LLMs (1).pdf
pdf::LLMs (1).pdf#page 5::chunk1,pdf::LLMs (1).pdf
pdf::LLMs (1).pdf#page 5::chunk2,pdf::LLMs (1).pdf
pdf::LLMs (1).pdf#page 6::chunk1,pdf::LLMs (1).pdf
pdf::LLMs (1).pdf#page 6::chunk2,pdf::LLMs (1).pdf
pdf::LLMs (1).pdf#page 7::chunk1,pdf::LLMs (1).pdf
pdf::LLMs (1).pdf#page 8::chunk1,pdf::LLMs (1).pdf
pdf::LLMs (1).pdf#page 9::chunk1,pdf::LLMs (1).pdf
pdf::LLMs (1).pdf#page 10::chunk1,pdf::LLMs (1).pdf
pdf::LLMs (1).pdf#page 11::chunk1,pdf::LLMs (1).pdf
pdf::LLMs (1).pdf#page 12::chunk1,pdf::LLMs (1).pdf
pdf::LLMs (1).pdf#page 13::chunk1,pdf::LLMs (1).pdf
pdf::LLMs (1).pdf#page 14::chunk1,pdf::LLMs (1).pdf
pdf::LLMs (1).pdf#page 15::chunk1,pdf::LLMs (1).pdf
pdf::LLMs (1).pdf#page 16::chunk1,pdf::LLMs (1).pdf
pdf::LLMs (1).pdf#page 17::chunk1,pdf::LLMs (1).pdf
pdf::LLMs (1).pdf#page 18::chunk1,pdf::LLMs (1).pdf
pdf::LLMs (1).pdf#page 19::chunk1,pdf::LLMs (1).pdf
pdf::LLMs (1).pdf#page 20::chunk1,pdf::LLMs (1).pdf
pdf::LLMs (1).pdf#page 21::chunk1,pdf::LLMs (1).pdf
pdf::LLMs (1).pdf#page 22::chunk1,pdf::LLMs (1).pdf
pdf::LLMs (1).pdf#page 23::chunk1,pdf::LLMs (1).pdf
pdf::LLMs (1).pdf#page 24::chunk1,pdf::LLMs (1).pdf
pdf::LLMs (1).pdf#page 25::chunk1,pdf::LLMs (1).pdf
pdf::LLMs (1).pdf#page 26::chunk1,pdf::LLMs (1).pdf
pdf::LLMs (1).pdf#page 27::chunk1,pdf::LLMs (1).pdf
pdf::LLMs (1).pdf#page 28::chunk1,pdf::LLMs (1).pdf
pdf::LLMs (1).pdf#page 29::chunk1,pdf::LLMs (1).pdf
pdf::LLMs (1).pdf#page 30::chunk1,pdf::LLMs (1).pdf
pdf::LLMs (1).pdf#page 31::chunk1,pdf::LLMs (1).pdf
pdf::LLMs (1).pdf#page 32::chunk1,pdf::LLMs (1).pdf
pdf::LLMs (1).pdf#page 33::chunk1,pdf::LLMs (1).pdf
pdf::LLMs (1).pdf#page 34::chunk1,pdf::LLMs (1).pdf
pdf::LLMs (1).pdf#page 35::chunk1,pdf::LLMs (1).pdf
pdf::LLMs (1).pdf#page 36::chunk1,pdf::LLMs (1).pdf
pdf::LLMs (1).pdf#page 37::chunk1,pdf::LLMs (1).pdf
pdf::LLMs (1).pdf#page 38::chunk1,pdf::LLMs (1).pdf
pdf::LLMs (1).pdf#page 39::chunk1,pdf::LLMs (1).pdf
pdf::LLMs (1).pdf#page 40::chunk1,pdf::LLMs (1).pdf
pdf::LLMs (1).pdf#page 41::chunk1,pdf::LLMs (1).pdf
pdf::LLMs (1).pdf#page 42::chunk1,pdf::LLMs (1).pdf
pdf::LLMs (1).pdf#page 43::chunk1,pdf::LLMs (1).pdf
pdf::LLMs (1).pdf#page 44::chunk1,pdf::LLMs (1).pdf
pdf::LLMs (1).pdf#page 45::chunk1,pdf::LLMs (1).pdf
pdf::LLMs (1).pdf#page 46::chunk1,pdf::LLMs (1).pdf
pdf::LLMs (1).pdf#page 47::chunk1,pdf::LLMs (1).pdf
pdf::ML2.pdf#page 1::chunk1,pdf::ML2.pdf
pdf::ML2.pdf#page 2::chunk1,pdf::ML2.pdf
pdf::ML2.pdf#page 3::chunk1,pdf::ML2.pdf
pdf::ML2.pdf#page 4::chunk1,pdf::ML2.pdf
pdf::ML2.pdf#page 5::chunk1,pdf::ML2.pdf
pdf::ML2.pdf#page 6::chunk1,pdf::ML2.pdf
pdf::ML2.pdf#page 7::chunk1,pdf::ML2.pdf
pdf::ML2.pdf#page 8::chunk1,pdf::ML2.pdf
pdf::ML_terminology_handout.pdf#page 1::chunk1,pdf::ML_terminology_handout.pdf
pdf::ML_terminology_handout.pdf#page 1::chunk2,pdf::ML_terminology_handout.pdf
pdf::ML_terminology_handout.pdf#page 1::chunk3,pdf::ML_terminology_handout.pdf
pdf::MoreNLPDeepLearningModels.pdf#page 1::chunk1,pdf::MoreNLPDeepLearningModels.pdf
pdf::MoreNLPDeepLearningModels.pdf#page 2::chunk1,pdf::MoreNLPDeepLearningModels.pdf
pdf::MoreNLPDeepLearningModels.pdf#page 3::chunk1,pdf::MoreNLPDeepLearningModels.pdf
pdf::MoreNLPDeepLearningModels.pdf#page 4::chunk1,pdf::MoreNLPDeepLearningModels.pdf
pdf::MoreNLPDeepLearningModels.pdf#page 5::chunk1,pdf::MoreNLPDeepLearningModels.pdf
pdf::MoreNLPDeepLearningModels.pdf#page 6::chunk1,pdf::MoreNLPDeepLearningModels.pdf
pdf::MoreNLPDeepLearningModels.pdf#page 7::chunk1,pdf::MoreNLPDeepLearningModels.pdf
pdf::MoreNLPDeepLearningModels.pdf#page 8::chunk1,pdf::MoreNLPDeepLearningModels.pdf
pdf::MoreNLPDeepLearningModels.pdf#page 9::chunk1,pdf::MoreNLPDeepLearningModels.pdf
pdf::MoreNLPDeepLearningModels.pdf#page 10::chunk1,pdf::MoreNLPDeepLearningModels.pdf
pdf::MoreNLPDeepLearningModels.pdf#page 11::chunk1,pdf::MoreNLPDeepLearningModels.pdf
pdf::MoreNLPDeepLearningModels.pdf#page 12::chunk1,pdf::MoreNLPDeepLearningModels.pdf
pdf::MoreNLPDeepLearningModels.pdf#page 13::chunk1,pdf::MoreNLPDeepLearningModels.pdf
pdf::MoreNLPDeepLearningModels.pdf#page 14::chunk1,pdf::MoreNLPDeepLearningModels.pdf
pdf::MoreNLPDeepLearningModels.pdf#page 15::chunk1,pdf::MoreNLPDeepLearningModels.pdf
pdf::MoreNLPDeepLearningModels.pdf#page 16::chunk1,pdf::MoreNLPDeepLearningModels.pdf
pdf::MoreNLPDeepLearningModels.pdf#page 17::chunk1,pdf::MoreNLPDeepLearningModels.pdf
pdf::MoreNLPDeepLearningModels.pdf#page 18::chunk1,pdf::MoreNLPDeepLearningModels.pdf
pdf::MoreNLPDeepLearningModels.pdf#page 19::chunk1,pdf::MoreNLPDeepLearningModels.pdf
pdf::MoreNLPDeepLearningModels.pdf#page 20::chunk1,pdf::MoreNLPDeepLearningModels.pdf
pdf::MoreNLPDeepLearningModels.pdf#page 21::chunk1,pdf::MoreNLPDeepLearningModels.pdf
pdf::MoreNLPDeepLearningModels.pdf#page 22::chunk1,pdf::MoreNLPDeepLearningModels.pdf
pdf::MoreNLPDeepLearningModels.pdf#page 23::chunk1,pdf::MoreNLPDeepLearningModels.pdf
pdf::MoreNLPDeepLearningModels.pdf#page 24::chunk1,pdf::MoreNLPDeepLearningModels.pdf
pdf::MoreNLPDeepLearningModels.pdf#page 25::chunk1,pdf::MoreNLPDeepLearningModels.pdf
pdf::MoreNLPDeepLearningModels.pdf#page 26::chunk1,pdf::MoreNLPDeepLearningModels.pdf
pdf::MoreNLPDeepLearningModels.pdf#page 27::chunk1,pdf::MoreNLPDeepLearningModels.pdf
pdf::MoreNLPDeepLearningModels.pdf#page 28::chunk1,pdf::MoreNLPDeepLearningModels.pdf
pdf::MoreNLPDeepLearningModels.pdf#page 29::chunk1,pdf::MoreNLPDeepLearningModels.pdf
pdf::MoreNLPDeepLearningModels.pdf#page 30::chunk1,pdf::MoreNLPDeepLearningModels.pdf
pdf::MoreNLPDeepLearningModels.pdf#page 31::chunk1,pdf::MoreNLPDeepLearningModels.pdf
pdf::MoreNLPDeepLearningModels.pdf#page 32::chunk1,pdf::MoreNLPDeepLearningModels.pdf
pdf::MoreNLPDeepLearningModels.pdf#page 33::chunk1,pdf::MoreNLPDeepLearningModels.pdf
pdf::MoreNLPDeepLearningModels.pdf#page 34::chunk1,pdf::MoreNLPDeepLearningModels.pdf
pdf::MoreNLPDeepLearningModels.pdf#page 35::chunk1,pdf::MoreNLPDeepLearningModels.pdf
pdf::MoreNLPDeepLearningModels.pdf#page 36::chunk1,pdf::MoreNLPDeepLearningModels.pdf
pdf::MoreNLPDeepLearningModels.pdf#page 37::chunk1,pdf::MoreNLPDeepLearningModels.pdf
pdf::MoreNLPDeepLearningModels.pdf#page 38::chunk1,pdf::MoreNLPDeepLearningModels.pdf
pdf::MoreNLPDeepLearningModels.pdf#page 39::chunk1,pdf::MoreNLPDeepLearningModels.pdf
pdf::MoreNLPDeepLearningModels.pdf#page 40::chunk1,pdf::MoreNLPDeepLearningModels.pdf
pdf::MoreNLPDeepLearningModels.pdf#page 41::chunk1,pdf::MoreNLPDeepLearningModels.pdf
pdf::NLG.pdf#page 1::chunk1,pdf::NLG.pdf
pdf::NLG.pdf#page 2::chunk1,pdf::NLG.pdf
pdf::NLG.pdf#page 3::chunk1,pdf::NLG.pdf
pdf::NLG.pdf#page 4::chunk1,pdf::NLG.pdf
pdf::NLG.pdf#page 5::chunk1,pdf::NLG.pdf
pdf::NLG.pdf#page 6::chunk1,pdf::NLG.pdf
pdf::NLG.pdf#page 7::chunk1,pdf::NLG.pdf
pdf::NLG.pdf#page 8::chunk1,pdf::NLG.pdf
pdf::NLG.pdf#page 9::chunk1,pdf::NLG.pdf
pdf::NLG.pdf#page 10::chunk1,pdf::NLG.pdf
pdf::NLG.pdf#page 11::chunk1,pdf::NLG.pdf
pdf::NLG.pdf#page 12::chunk1,pdf::NLG.pdf
pdf::NLG.pdf#page 13::chunk1,pdf::NLG.pdf
pdf::NLG.pdf#page 14::chunk1,pdf::NLG.pdf
pdf::NLG.pdf#page 15::chunk1,pdf::NLG.pdf
pdf::NLG.pdf#page 16::chunk1,pdf::NLG.pdf
pdf::NLG.pdf#page 17::chunk1,pdf::NLG.pdf
pdf::NLG.pdf#page 18::chunk1,pdf::NLG.pdf
pdf::NLG.pdf#page 19::chunk1,pdf::NLG.pdf
pdf::NLG.pdf#page 20::chunk1,pdf::NLG.pdf
pdf::NLG.pdf#page 21::chunk1,pdf::NLG.pdf
pdf::NLG.pdf#page 22::chunk1,pdf::NLG.pdf
pdf::NLG.pdf#page 23::chunk1,pdf::NLG.pdf
pdf::NLG.pdf#page 24::chunk1,pdf::NLG.pdf
pdf::NLG.pdf#page 25::chunk1,pdf::NLG.pdf
pdf::NLG.pdf#page 26::chunk1,pdf::NLG.pdf
pdf::NLG.pdf#page 27::chunk1,pdf::NLG.pdf
pdf::NLG.pdf#page 28::chunk1,pdf::NLG.pdf
pdf::NLG.pdf#page 29::chunk1,pdf::NLG.pdf
pdf::NLG.pdf#page 30::chunk1,pdf::NLG.pdf
pdf::NLG.pdf#page 31::chunk1,pdf::NLG.pdf
pdf::NLG.pdf#page 32::chunk1,pdf::NLG.pdf
pdf::NLG.pdf#page 33::chunk1,pdf::NLG.pdf
pdf::NLG.pdf#page 34::chunk1,pdf::NLG.pdf
pdf::NLG.pdf#page 35::chunk1,pdf::NLG.pdf
pdf::NLG.pdf#page 36::chunk1,pdf::NLG.pdf
pdf::TEXT STYLE TRANSFER.pdf#page 1::chunk1,pdf::TEXT STYLE TRANSFER.pdf
pdf::TEXT STYLE TRANSFER.pdf#page 2::chunk1,pdf::TEXT STYLE TRANSFER.pdf
pdf::TEXT STYLE TRANSFER.pdf#page 3::chunk1,pdf::TEXT STYLE TRANSFER.pdf
pdf::TEXT STYLE TRANSFER.pdf#page 4::chunk1,pdf::TEXT STYLE TRANSFER.pdf
pdf::TEXT STYLE TRANSFER.pdf#page 5::chunk1,pdf::TEXT STYLE TRANSFER.pdf
pdf::TEXT STYLE TRANSFER.pdf#page 6::chunk1,pdf::TEXT STYLE TRANSFER.pdf
pdf::TEXT STYLE TRANSFER.pdf#page 7::chunk1,pdf::TEXT STYLE TRANSFER.pdf
pdf::TEXT STYLE TRANSFER.pdf#page 8::chunk1,pdf::TEXT STYLE TRANSFER.pdf
pdf::TEXT STYLE TRANSFER.pdf#page 9::chunk1,pdf::TEXT STYLE TRANSFER.pdf
pdf::TEXT STYLE TRANSFER.pdf#page 10::chunk1,pdf::TEXT STYLE TRANSFER.pdf
pdf::TEXT STYLE TRANSFER.pdf#page 11::chunk1,pdf::TEXT STYLE TRANSFER.pdf
pdf::TEXT STYLE TRANSFER.pdf#page 12::chunk1,pdf::TEXT STYLE TRANSFER.pdf
pdf::TEXT STYLE TRANSFER.pdf#page 13::chunk1,pdf::TEXT STYLE TRANSFER.pdf
pdf::TEXT STYLE TRANSFER.pdf#page 14::chunk1,pdf::TEXT STYLE TRANSFER.pdf
pdf::TEXT STYLE TRANSFER.pdf#page 15::chunk1,pdf::TEXT STYLE TRANSFER.pdf
pdf::TEXT STYLE TRANSFER.pdf#page 16::chunk1,pdf::TEXT STYLE TRANSFER.pdf
pdf::TEXT STYLE TRANSFER.pdf#page 17::chunk1,pdf::TEXT STYLE TRANSFER.pdf
pdf::TEXT STYLE TRANSFER.pdf#page 18::chunk1,pdf::TEXT STYLE TRANSFER.pdf
pdf::TEXT STYLE TRANSFER.pdf#page 19::chunk1,pdf::TEXT STYLE TRANSFER.pdf
pdf::TEXT STYLE TRANSFER.pdf#page 20::chunk1,pdf::TEXT STYLE TRANSFER.pdf
pdf::TEXT STYLE TRANSFER.pdf#page 21::chunk1,pdf::TEXT STYLE TRANSFER.pdf
pdf::TEXT STYLE TRANSFER.pdf#page 22::chunk1,pdf::TEXT STYLE TRANSFER.pdf
pdf::TEXT STYLE TRANSFER.pdf#page 23::chunk1,pdf::TEXT STYLE TRANSFER.pdf
pdf::TEXT STYLE TRANSFER.pdf#page 24::chunk1,pdf::TEXT STYLE TRANSFER.pdf
pdf::TEXT STYLE TRANSFER.pdf#page 25::chunk1,pdf::TEXT STYLE TRANSFER.pdf
pdf::TEXT STYLE TRANSFER.pdf#page 26::chunk1,pdf::TEXT STYLE TRANSFER.pdf
pdf::TEXT STYLE TRANSFER.pdf#page 27::chunk1,pdf::TEXT STYLE TRANSFER.pdf
pdf::TEXT STYLE TRANSFER.pdf#page 28::chunk1,pdf::TEXT STYLE TRANSFER.pdf
pdf::TEXT STYLE TRANSFER.pdf#page 29::chunk1,pdf::TEXT STYLE TRANSFER.pdf
pdf::Use_AI_Tools.pdf#page 1::chunk1,pdf::Use_AI_Tools.pdf
pdf::Use_AI_Tools.pdf#page 2::chunk1,pdf::Use_AI_Tools.pdf
pdf::Use_AI_Tools.pdf#page 3::chunk1,pdf::Use_AI_Tools.pdf
pdf::Use_AI_Tools.pdf#page 4::chunk1,pdf::Use_AI_Tools.pdf
pdf::Use_AI_Tools.pdf#page 5::chunk1,pdf::Use_AI_Tools.pdf
pdf::Use_AI_Tools.pdf#page 6::chunk1,pdf::Use_AI_Tools.pdf
pdf::Use_AI_Tools.pdf#page 6::chunk2,pdf::Use_AI_Tools.pdf
pdf::Use_AI_Tools.pdf#page 7::chunk1,pdf::Use_AI_Tools.pdf
pdf::Use_AI_Tools.pdf#page 8::chunk1,pdf::Use_AI_Tools.pdf
pdf::advanced_DL_computer_vision1.pdf#page 1::chunk1,pdf::advanced_DL_computer_vision1.pdf
pdf::advanced_DL_computer_vision1.pdf#page 2::chunk1,pdf::advanced_DL_computer_vision1.pdf
pdf::advanced_DL_computer_vision1.pdf#page 3::chunk1,pdf::advanced_DL_computer_vision1.pdf
pdf::advanced_DL_computer_vision1.pdf#page 4::chunk1,pdf::advanced_DL_computer_vision1.pdf
pdf::advanced_DL_computer_vision1.pdf#page 5::chunk1,pdf::advanced_DL_computer_vision1.pdf
pdf::advanced_DL_computer_vision1.pdf#page 5::chunk2,pdf::advanced_DL_computer_vision1.pdf
pdf::advanced_DL_computer_vision1.pdf#page 6::chunk1,pdf::advanced_DL_computer_vision1.pdf
pdf::advanced_DL_computer_vision1.pdf#page 7::chunk1,pdf::advanced_DL_computer_vision1.pdf
pdf::advanced_DL_computer_vision1.pdf#page 8::chunk1,pdf::advanced_DL_computer_vision1.pdf
pdf::advanced_DL_computer_vision1.pdf#page 9::chunk1,pdf::advanced_DL_computer_vision1.pdf
pdf::classification_handout.pdf#page 1::chunk1,pdf::classification_handout.pdf
pdf::classification_handout.pdf#page 2::chunk1,pdf::classification_handout.pdf
pdf::intro_DL_computer_vision2.pdf#page 1::chunk1,pdf::intro_DL_computer_vision2.pdf
pdf::intro_DL_computer_vision2.pdf#page 2::chunk1,pdf::intro_DL_computer_vision2.pdf
pdf::intro_DL_computer_vision2.pdf#page 2::chunk2,pdf::intro_DL_computer_vision2.pdf
pdf::intro_DL_computer_vision2.pdf#page 3::chunk1,pdf::intro_DL_computer_vision2.pdf
pdf::intro_DL_computer_vision2.pdf#page 3::chunk2,pdf::intro_DL_computer_vision2.pdf
pdf::intro_DL_computer_vision2.pdf#page 4::chunk1,pdf::intro_DL_computer_vision2.pdf
pdf::intro_DL_computer_vision2.pdf#page 5::chunk1,pdf::intro_DL_computer_vision2.pdf
pdf::intro_DL_computer_vision2.pdf#page 6::chunk1,pdf::intro_DL_computer_vision2.pdf
pdf::intro_DL_computer_vision2.pdf#page 7::chunk1,pdf::intro_DL_computer_vision2.pdf
pdf::intro_DL_computer_vision2.pdf#page 8::chunk1,pdf::intro_DL_computer_vision2.pdf
pdf::intro_DL_computer_vision2.pdf#page 9::chunk1,pdf::intro_DL_computer_vision2.pdf
pdf::intro_DL_computer_vision2.pdf#page 10::chunk1,pdf::intro_DL_computer_vision2.pdf
pdf::intro_DL_computer_vision2.pdf#page 11::chunk1,pdf::intro_DL_computer_vision2.pdf
pdf::intro_course3.pdf#page 1::chunk1,pdf::intro_course3.pdf
pdf::intro_course3.pdf#page 2::chunk1,pdf::intro_course3.pdf
pdf::intro_course3.pdf#page 3::chunk1,pdf::intro_course3.pdf
pdf::intro_course3.pdf#page 4::chunk1,pdf::intro_course3.pdf
pdf::intro_course3.pdf#page 5::chunk1,pdf::intro_course3.pdf
pdf::intro_course3.pdf#page 6::chunk1,pdf::intro_course3.pdf
pdf::learning_methodology2.pdf#page 1::chunk1,pdf::learning_methodology2.pdf
pdf::learning_methodology2.pdf#page 2::chunk1,pdf::learning_methodology2.pdf
pdf::learning_methodology2.pdf#page 3::chunk1,pdf::learning_methodology2.pdf
pdf::learning_methodology2.pdf#page 4::chunk1,pdf::learning_methodology2.pdf
pdf::lecture_course_projects4.pdf#page 1::chunk1,pdf::lecture_course_projects4.pdf
pdf::lecture_course_projects4.pdf#page 1::chunk2,pdf::lecture_course_projects4.pdf
pdf::lecture_course_projects4.pdf#page 2::chunk1,pdf::lecture_course_projects4.pdf
pdf::lecture_course_projects4.pdf#page 2::chunk2,pdf::lecture_course_projects4.pdf
pdf::lecture_course_projects4.pdf#page 3::chunk1,pdf::lecture_course_projects4.pdf
pdf::lecture_course_projects4.pdf#page 3::chunk2,pdf::lecture_course_projects4.pdf
pdf::projectDetails.pdf#page 1::chunk1,pdf::projectDetails.pdf
pdf::projectDetails.pdf#page 2::chunk1,pdf::projectDetails.pdf
pdf::projectDetails.pdf#page 3::chunk1,pdf::projectDetails.pdf
pdf::projectDetails.pdf#page 4::chunk1,pdf::projectDetails.pdf
pdf::projectDetails.pdf#page 5::chunk1,pdf::projectDetails.pdf
pdf::projectDetails.pdf#page 6::chunk1,pdf::projectDetails.pdf
pdf::projectDetails.pdf#page 7::chunk1,pdf::projectDetails.pdf
pdf::projectDetails.pdf#page 8::chunk1,pdf::projectDetails.pdf
pdf::projectDetails.pdf#page 9::chunk1,pdf::projectDetails.pdf
pdf::projectDetails.pdf#page 10::chunk1,pdf::projectDetails.pdf
pdf::projectDetails.pdf#page 11::chunk1,pdf::projectDetails.pdf
pdf::projectDetails.pdf#page 12::chunk1,pdf::projectDetails.pdf
pdf::projectDetails.pdf#page 13::chunk1,pdf::projectDetails.pdf
pdf::projectDetails.pdf#page 14::chunk1,pdf::projectDetails.pdf
pdf::projectDetails.pdf#page 15::chunk1,pdf::projectDetails.pdf
pdf::projectDetails.pdf#page 16::chunk1,pdf::projectDetails.pdf
pdf::projectDetails.pdf#page 17::chunk1,pdf::projectDetails.pdf
pdf::projectDetails.pdf#page 17::chunk2,pdf::projectDetails.pdf
pdf::projectDetails.pdf#page 18::chunk1,pdf::projectDetails.pdf
pdf::run_website_at_Google_Cloud.pdf#page 1::chunk1,pdf::run_website_at_Google_Cloud.pdf
pdf::run_website_at_Google_Cloud.pdf#page 2::chunk1,pdf::run_website_at_Google_Cloud.pdf
pdf::run_website_at_Google_Cloud.pdf#page 2::chunk2,pdf::run_website_at_Google_Cloud.pdf
pdf::text1.pdf#page 1::chunk1,pdf::text1.pdf
pdf::text1.pdf#page 2::chunk1,pdf::text1.pdf
pdf::text1.pdf#page 2::chunk2,pdf::text1.pdf
pdf::text1.pdf#page 3::chunk1,pdf::text1.pdf
pdf::text1.pdf#page 4::chunk1,pdf::text1.pdf
pdf::text1.pdf#page 4::chunk2,pdf::text1.pdf
pdf::text1.pdf#page 5::chunk1,pdf::text1.pdf
pdf::text1.pdf#page 5::chunk2,pdf::text1.pdf
pdf::text1.pdf#page 6::chunk1,pdf::text1.pdf
pdf::text1.pdf#page 7::chunk1,pdf::text1.pdf
pdf::text1.pdf#page 8::chunk1,pdf::text1.pdf
pdf::text1.pdf#page 9::chunk1,pdf::text1.pdf
pdf::text1.pdf#page 10::chunk1,pdf::text1.pdf
pdf::text1.pdf#page 11::chunk1,pdf::text1.pdf
pdf::text1.pdf#page 12::chunk1,pdf::text1.pdf
pdf::text1.pdf#page 13::chunk1,pdf::text1.pdf
pdf::text1.pdf#page 14::chunk1,pdf::text1.pdf
pdf::text1.pdf#page 15::chunk1,pdf::text1.pdf
pdf::text1.pdf#page 16::chunk1,pdf::text1.pdf
pdf::text1.pdf#page 17::chunk1,pdf::text1.pdf
pdf::word2vec.pdf#page 1::chunk1,pdf::word2vec.pdf
pdf::word2vec.pdf#page 2::chunk1,pdf::word2vec.pdf
pdf::word2vec.pdf#page 3::chunk1,pdf::word2vec.pdf
pdf::word2vec.pdf#page 4::chunk1,pdf::word2vec.pdf
pdf::word2vec.pdf#page 5::chunk1,pdf::word2vec.pdf
pdf::word2vec.pdf#page 6::chunk1,pdf::word2vec.pdf
pdf::word2vec.pdf#page 7::chunk1,pdf::word2vec.pdf
pdf::word2vec.pdf#page 8::chunk1,pdf::word2vec.pdf
pdf::word2vec.pdf#page 9::chunk1,pdf::word2vec.pdf
pdf::word2vec.pdf#page 10::chunk1,pdf::word2vec.pdf
pdf::word2vec.pdf#page 11::chunk1,pdf::word2vec.pdf
pdf::word2vec.pdf#page 12::chunk1,pdf::word2vec.pdf
pdf::word2vec.pdf#page 13::chunk1,pdf::word2vec.pdf
pdf::word2vec.pdf#page 14::chunk1,pdf::word2vec.pdf
pdf::word2vec.pdf#page 15::chunk1,pdf::word2vec.pdf
pdf::word2vec.pdf#page 16::chunk1,pdf::word2vec.pdf
pdf::word2vec.pdf#page 17::chunk1,pdf::word2vec.pdf
pdf::word2vec.pdf#page 18::chunk1,pdf::word2vec.pdf
pdf::word2vec.pdf#page 19::chunk1,pdf::word2vec.pdf
pdf::word2vec.pdf#page 20::chunk1,pdf::word2vec.pdf
pdf::word2vec.pdf#page 21::chunk1,pdf::word2vec.pdf
pdf::word2vec.pdf#page 22::chunk1,pdf::word2vec.pdf
pdf::word2vec.pdf#page 23::chunk1,pdf::word2vec.pdf
pdf::word2vec.pdf#page 24::chunk1,pdf::word2vec.pdf
pdf::word2vec.pdf#page 25::chunk1,pdf::word2vec.pdf
pdf::word2vec.pdf#page 26::chunk1,pdf::word2vec.pdf
pdf::word2vec.pdf#page 27::chunk1,pdf::word2vec.pdf
pdf::word2vec.pdf#page 28::chunk1,pdf::word2vec.pdf
pdf::word2vec.pdf#page 29::chunk1,pdf::word2vec.pdf
pdf::word2vec.pdf#page 30::chunk1,pdf::word2vec.pdf
pdf::word2vec.pdf#page 31::chunk1,pdf::word2vec.pdf
pdf::word2vec.pdf#page 32::chunk1,pdf::word2vec.pdf
pdf::word2vec.pdf#page 33::chunk1,pdf::word2vec.pdf
pdf::word2vec.pdf#page 34::chunk1,pdf::word2vec.pdf
pdf::word2vec.pdf#page 35::chunk1,pdf::word2vec.pdf
pdf::word2vec.pdf#page 36::chunk1,pdf::word2vec.pdf
pdf::word2vec.pdf#page 37::chunk1,pdf::word2vec.pdf
pdf::word2vec.pdf#page 38::chunk1,pdf::word2vec.pdf
pdf::word2vec.pdf#page 39::chunk1,pdf::word2vec.pdf
pdf::word2vec.pdf#page 40::chunk1,pdf::word2vec.pdf
pdf::word2vec.pdf#page 41::chunk1,pdf::word2vec.pdf
pdf::word2vec.pdf#page 42::chunk1,pdf::word2vec.pdf
pdf::word2vec.pdf#page 43::chunk1,pdf::word2vec.pdf
pdf::word2vec.pdf#page 44::chunk1,pdf::word2vec.pdf
pdf::word2vec.pdf#page 45::chunk1,pdf::word2vec.pdf
pdf::word2vec.pdf#page 46::chunk1,pdf::word2vec.pdf
pdf::word2vec.pdf#page 47::chunk1,pdf::word2vec.pdf
pdf::word2vec.pdf#page 48::chunk1,pdf::word2vec.pdf
pdf::word2vec.pdf#page 49::chunk1,pdf::word2vec.pdf
pdf::word2vec.pdf#page 50::chunk1,pdf::word2vec.pdf
pdf::word2vec.pdf#page 51::chunk1,pdf::word2vec.pdf
pdf::word2vec.pdf#page 52::chunk1,pdf::word2vec.pdf
pdf::word2vec.pdf#page 53::chunk1,pdf::word2vec.pdf
pdf::word2vec.pdf#page 54::chunk1,pdf::word2vec.pdf
pdf::word2vec.pdf#page 55::chunk1,pdf::word2vec.pdf
pdf::word2vec.pdf#page 56::chunk1,pdf::word2vec.pdf
pdf::word2vec.pdf#page 57::chunk1,pdf::word2vec.pdf
pdf::word2vec.pdf#page 58::chunk1,pdf::word2vec.pdf
pdf::word2vec.pdf#page 59::chunk1,pdf::word2vec.pdf
pdf::word2vec.pdf#page 60::chunk1,pdf::word2vec.pdf
pdf::word2vec.pdf#page 61::chunk1,pdf::word2vec.pdf
pdf::word2vec.pdf#page 62::chunk1,pdf::word2vec.pdf
pdf::word2vec.pdf#page 63::chunk1,pdf::word2vec.pdf
pdf::word2vec.pdf#page 64::chunk1,pdf::word2vec.pdf
pdf::word2vec.pdf#page 65::chunk1,pdf::word2vec.pdf
pdf::word2vec.pdf#page 66::chunk1,pdf::word2vec.pdf
pdf::word2vec.pdf#page 67::chunk1,pdf::word2vec.pdf
pdf::word2vec.pdf#page 68::chunk1,pdf::word2vec.pdf
pdf::word2vec.pdf#page 69::chunk1,pdf::word2vec.pdf
pdf::word2vec.pdf#page 70::chunk1,pdf::word2vec.pdf
pdf::word2vec.pdf#page 71::chunk1,pdf::word2vec.pdf
pdf::word2vec.pdf#page 72::chunk1,pdf::word2vec.pdf
html::Not for Instructors - Do No Edit Files Below.html#body::chunk1,html::Not for Instructors - Do No Edit Files Below.html
html::Note for Instructors.html#body::chunk1,html::Note for Instructors.html
html::Fall 2025 CS 59300-03 Natural Language Process LEC - University Policies#body::chunk1,html::Fall 2025 CS 59300-03 Natural Language Process LEC - University Policies
docx::HW1.docx#body::chunk1,docx::HW1.docx
docx::HW1.docx#body::chunk2,docx::HW1.docx
docx::HW1.docx#body::chunk3,docx::HW1.docx
docx::HW1.docx#body::chunk4,docx::HW1.docx
docx::HW1.docx#body::chunk5,docx::HW1.docx
docx::HW1.docx#body::chunk6,docx::HW1.docx
docx::HW1.docx#body::chunk7,docx::HW1.docx
docx::HW1.docx#body::chunk8,docx::HW1.docx
docx::HW2.docx#body::chunk1,docx::HW2.docx
docx::HW2.docx#body::chunk2,docx::HW2.docx
docx::HW2.docx#body::chunk3,docx::HW2.docx
docx::HW2.docx#body::chunk4,docx::HW2.docx
docx::HW2.docx#body::chunk5,docx::HW2.docx
docx::HW2.docx#body::chunk6,docx::HW2.docx
docx::HW4.docx#body::chunk1,docx::HW4.docx
docx::HW4.docx#body::chunk2,docx::HW4.docx
docx::HW4.docx#body::chunk3,docx::HW4.docx
docx::HW4.docx#body::chunk4,docx::HW4.docx
docx::HW4.docx#body::chunk5,docx::HW4.docx
docx::HW4.docx#body::chunk6,docx::HW4.docx
docx::HW4.docx#body::chunk7,docx::HW4.docx
docx::HW4.docx#body::chunk8,docx::HW4.docx
docx::HW5.docx#body::chunk1,docx::HW5.docx
docx::HW5.docx#body::chunk2,docx::HW5.docx
docx::HW5.docx#body::chunk3,docx::HW5.docx
docx::HW5.docx#body::chunk4,docx::HW5.docx
docx::HW5.docx#body::chunk5,docx::HW5.docx
docx::HW5.docx#body::chunk6,docx::HW5.docx
docx::HW5.docx#body::chunk7,docx::HW5.docx
docx::HW5.docx#body::chunk8,docx::HW5.docx
docx::Syllabus_CS593_NLP_Fall_2025.docx#Course Information::chunk1,docx::Syllabus_CS593_NLP_Fall_2025.docx
docx::Syllabus_CS593_NLP_Fall_2025.docx#Jonathan Rusert::chunk1,docx::Syllabus_CS593_NLP_Fall_2025.docx
docx::Syllabus_CS593_NLP_Fall_2025.docx#Course Description::chunk1,docx::Syllabus_CS593_NLP_Fall_2025.docx
docx::Syllabus_CS593_NLP_Fall_2025.docx#Student Learning Outcomes::chunk1,docx::Syllabus_CS593_NLP_Fall_2025.docx
docx::Syllabus_CS593_NLP_Fall_2025.docx#Prerequisites Skills and Materials::chunk1,docx::Syllabus_CS593_NLP_Fall_2025.docx
docx::Syllabus_CS593_NLP_Fall_2025.docx#Course Access::chunk1,docx::Syllabus_CS593_NLP_Fall_2025.docx
docx::Syllabus_CS593_NLP_Fall_2025.docx#Learning Resources & Texts::chunk1,docx::Syllabus_CS593_NLP_Fall_2025.docx
docx::Syllabus_CS593_NLP_Fall_2025.docx#Course Policies::chunk1,docx::Syllabus_CS593_NLP_Fall_2025.docx
docx::Syllabus_CS593_NLP_Fall_2025.docx#Course Policies::chunk2,docx::Syllabus_CS593_NLP_Fall_2025.docx
docx::Syllabus_CS593_NLP_Fall_2025.docx#Course Policies::chunk3,docx::Syllabus_CS593_NLP_Fall_2025.docx
docx::Syllabus_CS593_NLP_Fall_2025.docx#Course Requirements::chunk1,docx::Syllabus_CS593_NLP_Fall_2025.docx
docx::Syllabus_CS593_NLP_Fall_2025.docx#Grading Scale::chunk1,docx::Syllabus_CS593_NLP_Fall_2025.docx
docx::Syllabus_CS593_NLP_Fall_2025.docx#Course Evaluation::chunk1,docx::Syllabus_CS593_NLP_Fall_2025.docx
docx::Syllabus_CS593_NLP_Fall_2025.docx#Academic Dishonesty (University)::chunk1,docx::Syllabus_CS593_NLP_Fall_2025.docx
docx::Syllabus_CS593_NLP_Fall_2025.docx#AI Use Policy::chunk1,docx::Syllabus_CS593_NLP_Fall_2025.docx
docx::Syllabus_CS593_NLP_Fall_2025.docx#Statement on Civility::chunk1,docx::Syllabus_CS593_NLP_Fall_2025.docx
docx::Syllabus_CS593_NLP_Fall_2025.docx#Statement on Civility::chunk2,docx::Syllabus_CS593_NLP_Fall_2025.docx
docx::Syllabus_CS593_NLP_Fall_2025.docx#Disability Statement::chunk1,docx::Syllabus_CS593_NLP_Fall_2025.docx
docx::Syllabus_CS593_NLP_Fall_2025.docx#Student Support Services::chunk1,docx::Syllabus_CS593_NLP_Fall_2025.docx
docx::Syllabus_CS593_NLP_Fall_2025.docx#Student Mental Health::chunk1,docx::Syllabus_CS593_NLP_Fall_2025.docx
docx::Syllabus_CS593_NLP_Fall_2025.docx#Student Mental Health::chunk2,docx::Syllabus_CS593_NLP_Fall_2025.docx
docx::Syllabus_CS593_NLP_Fall_2025.docx#Emergency Statement::chunk1,docx::Syllabus_CS593_NLP_Fall_2025.docx
docx::Syllabus_CS593_NLP_Fall_2025.docx#Students Called for Military Duty::chunk1,docx::Syllabus_CS593_NLP_Fall_2025.docx
docx::Syllabus_CS593_NLP_Fall_2025.docx#Important Dates::chunk1,docx::Syllabus_CS593_NLP_Fall_2025.docx
docx::Syllabus_CS593_NLP_Fall_2025.docx#Course Schedule::chunk1,docx::Syllabus_CS593_NLP_Fall_2025.docx
docx::Syllabus_CS593_NLP_Fall_2025.docx#Course Schedule::chunk2,docx::Syllabus_CS593_NLP_Fall_2025.docx
docx::Syllabus_CS593_NLP_Fall_2025.docx#Course Schedule::chunk3,docx::Syllabus_CS593_NLP_Fall_2025.docx
